Anno;Provincia produttore;Regione;Materiale;Materiale_ID;Quantita;Unita di misura
2025;AG;Sicilia;Ammendante compostato verde;1;315230;kg
2025;AG;Sicilia;Ammendante compostato misto;2;21436088;kg
2025;AG;Sicilia;Aggregati riciclati;5;82857658;kg
2025;AG;Sicilia;Rottami di ferro e acciaio;8;2173560;kg
2025;AG;Sicilia;Carta e cartone;10;12628166;kg
2025;AG;Sicilia;Plastica;11;8014;kg
2025;AG;Sicilia;Tessili;14;161776;kg
2025;AG;Sicilia;Altri Fertilizzanti;19;66420;kg
2025;AG;Sicilia;Altro;23;2981936;kg
2025;AL;Piemonte;Ammendante compostato misto;2;1266580;kg
2025;AL;Piemonte;Aggregati riciclati;5;332199106;kg
2025;AL;Piemonte;Rottami di alluminio;6;2468388;kg
2025;AL;Piemonte;Rottami di ferro e acciaio;8;12956259;kg
2025;AL;Piemonte;Rottami di rame;9;1271202;kg
2025;AL;Piemonte;Carta e cartone;10;45468567;kg
2025;AL;Piemonte;Plastica;11;10374802;kg
2025;AL;Piemonte;Legno e sughero;12;2585274;kg
2025;AL;Piemonte;CSS – combustibile;13;6551740;kg
2025;AL;Piemonte;Tessili;14;59821;kg
2025;AL;Piemonte;Granulato di Conglomerato bituminoso;20;98787153;kg
2025;AL;Piemonte;Materiali secondari derivanti dal recupero di prodotti assorbenti per la persona;21;11816224;kg
2025;AL;Piemonte;Altro;23;29586631;kg
2025;AN;Marche;Ammendante compostato verde;1;1940585;kg
2025;AN;Marche;Ammendante compostato misto;2;921160;kg
2025;AN;Marche;Aggregati riciclati;5;271645474;kg
2025;AN;Marche;Rottami di alluminio;6;1383080;kg
2025;AN;Marche;Rottami di vetro;7;4900;kg
2025;AN;Marche;Rottami di ferro e acciaio;8;84440968;kg
2025;AN;Marche;Rottami di rame;9;37479;kg
2025;AN;Marche;Carta e cartone;10;49611495;kg
2025;AN;Marche;Plastica;11;1441824;kg
2025;AN;Marche;Legno e sughero;12;5139170;kg
2025;AN;Marche;CSS – combustibile;13;1680000;kg
2025;AN;Marche;Gomma;15;2569087;kg
2025;AN;Marche;Granulato di Conglomerato bituminoso;20;55156645;kg
2025;AN;Marche;Altro;23;21590472;kg
2025;AO;Valle d`Aosta;Ammendante compostato verde;1;88130;kg
2025;AO;Valle d`Aosta;Aggregati riciclati;5;32221081;kg
2025;AO;Valle d`Aosta;Rottami di alluminio;6;98270;kg
2025;AO;Valle d`Aosta;Rottami di ferro e acciaio;8;7089389;kg
2025;AO;Valle d`Aosta;Rottami di rame;9;7160;kg
2025;AO;Valle d`Aosta;Carta e cartone;10;8982290;kg
2025;AO;Valle d`Aosta;Granulato di Conglomerato bituminoso;20;128680;kg
2025;AP;Marche;Aggregati riciclati;5;268711351;kg
2025;AP;Marche;Rottami di alluminio;6;110327;kg
2025;AP;Marche;Rottami di ferro e acciaio;8;25048957;kg
2025;AP;Marche;Rottami di rame;9;23966;kg
2025;AP;Marche;Carta e cartone;10;27133505;kg
2025;AP;Marche;Plastica;11;919754;kg
2025;AP;Marche;Legno e sughero;12;2561538;kg
2025;AP;Marche;Gomma;15;1577810;kg
2025;AP;Marche;Granulato di Conglomerato bituminoso;20;25651255;kg
2025;AP;Marche;Altro;23;14188086;kg
2025;AQ;Abruzzo;Aggregati riciclati;5;504657777;kg
2025;AQ;Abruzzo;Rottami di ferro e acciaio;8;3233845;kg
2025;AQ;Abruzzo;Rottami di rame;9;55685;kg
2025;AQ;Abruzzo;Carta e cartone;10;5645260;kg
2025;AQ;Abruzzo;Plastica;11;10728;kg
2025;AQ;Abruzzo;Granulato di Conglomerato bituminoso;20;38620790;kg
2025;AQ;Abruzzo;Altro;23;4098096;kg
2025;AR;Toscana;Ammendante compostato misto;2;183000;kg
2025;AR;Toscana;Aggregati riciclati;5;36826225;kg
2025;AR;Toscana;Rottami di ferro e acciaio;8;14227218;kg
2025;AR;Toscana;Rottami di rame;9;292200;kg
2025;AR;Toscana;Carta e cartone;10;57435455;kg
2025;AR;Toscana;Plastica;11;7915698;kg
2025;AR;Toscana;Legno e sughero;12;5795680;kg
2025;AR;Toscana;Tessili;14;209020;kg
2025;AR;Toscana;Granulato di Conglomerato bituminoso;20;52493198;kg
2025;AR;Toscana;Altro;23;13755;kg
2025;AT;Piemonte;Aggregati riciclati;5;173814777;kg
2025;AT;Piemonte;Rottami di alluminio;6;30320;kg
2025;AT;Piemonte;Rottami di ferro e acciaio;8;71954630;kg
2025;AT;Piemonte;Rottami di rame;9;340;kg
2025;AT;Piemonte;Carta e cartone;10;12209940;kg
2025;AT;Piemonte;Plastica;11;175740;kg
2025;AT;Piemonte;Correttivi da Fanghi;18;16308160;kg
2025;AT;Piemonte;Altro;23;44084821;kg
2025;AV;Campania;Ammendante compostato misto;2;488654;kg
2025;AV;Campania;Aggregati riciclati;5;501706210;kg
2025;AV;Campania;Rottami di alluminio;6;262214;kg
2025;AV;Campania;Rottami di ferro e acciaio;8;24578322;kg
2025;AV;Campania;Rottami di rame;9;24144;kg
2025;AV;Campania;Carta e cartone;10;10522703;kg
2025;AV;Campania;Plastica;11;12956200;kg
2025;AV;Campania;Legno e sughero;12;78770;kg
2025;AV;Campania;Tessili;14;11491;kg
2025;AV;Campania;Gomma;15;1180000;kg
2025;AV;Campania;Granulato di Conglomerato bituminoso;20;60985670;kg
2025;AV;Campania;Materiali secondari derivanti dal recupero di prodotti assorbenti per la persona;21;227440;kg
2025;AV;Campania;Altro;23;59224701;kg
2025;BA;Puglia;Aggregati riciclati;5;1090894768;kg
2025;BA;Puglia;Rottami di alluminio;6;4944948;kg
2025;BA;Puglia;Rottami di ferro e acciaio;8;77759008;kg
2025;BA;Puglia;Rottami di rame;9;947283;kg
2025;BA;Puglia;Carta e cartone;10;47001278;kg
2025;BA;Puglia;Plastica;11;13627238;kg
2025;BA;Puglia;Legno e sughero;12;20418950;kg
2025;BA;Puglia;Granulato di Conglomerato bituminoso;20;36799090;kg
2025;BA;Puglia;Materiali secondari derivanti dal recupero di prodotti assorbenti per la persona;21;334940;kg
2025;BA;Puglia;Gomma vulcanizzata da PFU;22;29850183;kg
2025;BA;Puglia;Altro;23;29990676;kg
2025;BG;Lombardia;Ammendante compostato verde;1;12101714;kg
2025;BG;Lombardia;Ammendante compostato misto;2;126691460;kg
2025;BG;Lombardia;Altri Ammendanti;3;80697000;kg
2025;BG;Lombardia;Aggregati riciclati;5;1676532426;kg
2025;BG;Lombardia;Rottami di alluminio;6;47408222;kg
2025;BG;Lombardia;Rottami di vetro;7;15177760;kg
2025;BG;Lombardia;Rottami di ferro e acciaio;8;585243827;kg
2025;BG;Lombardia;Rottami di rame;9;7082750;kg
2025;BG;Lombardia;Carta e cartone;10;100572168;kg
2025;BG;Lombardia;Plastica;11;119199228;kg
2025;BG;Lombardia;Legno e sughero;12;1108116;kg
2025;BG;Lombardia;Tessili;14;1558182;kg
2025;BG;Lombardia;Granulato di Conglomerato bituminoso;20;214612680;kg
2025;BG;Lombardia;Gomma vulcanizzata da PFU;22;3970608;kg
2025;BG;Lombardia;Altro;23;390940761;kg
2025;BI;Piemonte;Ammendante compostato verde;1;171450;kg
2025;BI;Piemonte;Ammendante compostato misto;2;340;kg
2025;BI;Piemonte;Aggregati riciclati;5;348751075;kg
2025;BI;Piemonte;Rottami di alluminio;6;110135;kg
2025;BI;Piemonte;Rottami di vetro;7;28358668;kg
2025;BI;Piemonte;Rottami di ferro e acciaio;8;11452950;kg
2025;BI;Piemonte;Rottami di rame;9;5560;kg
2025;BI;Piemonte;Carta e cartone;10;17868850;kg
2025;BI;Piemonte;Plastica;11;0;
2025;BI;Piemonte;Plastica;11;4362937;kg
2025;BI;Piemonte;Legno e sughero;12;567515;kg
2025;BI;Piemonte;CSS – combustibile;13;2304200;kg
2025;BI;Piemonte;Materiali ceramici;17;2027490;kg
2025;BI;Piemonte;Granulato di Conglomerato bituminoso;20;154520540;kg
2025;BI;Piemonte;Altro;23;17404279;kg
2025;BL;Veneto;Digestato;4;600000;kg
2025;BL;Veneto;Aggregati riciclati;5;181073821;kg
2025;BL;Veneto;Rottami di alluminio;6;1318071;kg
2025;BL;Veneto;Rottami di ferro e acciaio;8;5169042;kg
2025;BL;Veneto;Rottami di rame;9;410126;kg
2025;BL;Veneto;Carta e cartone;10;1998660;kg
2025;BL;Veneto;Plastica;11;413302;kg
2025;BL;Veneto;Legno e sughero;12;3626;kg
2025;BL;Veneto;Granulato di Conglomerato bituminoso;20;1136395;kg
2025;BL;Veneto;Altro;23;2421103;kg
2025;BN;Campania;Ammendante compostato misto;2;1169860;kg
2025;BN;Campania;Digestato;4;293230;kg
2025;BN;Campania;Aggregati riciclati;5;153180035;kg
2025;BN;Campania;Rottami di ferro e acciaio;8;15791195;kg
2025;BN;Campania;Rottami di rame;9;2285;kg
2025;BN;Campania;Carta e cartone;10;11627388;kg
2025;BN;Campania;Plastica;11;2513749;kg
2025;BN;Campania;Tessili;14;3490644;kg
2025;BN;Campania;Granulato di Conglomerato bituminoso;20;12409346;kg
2025;BN;Campania;Altro;23;64347330;kg
2025;BO;Emilia Romagna;Ammendante compostato verde;1;5395910;kg
2025;BO;Emilia Romagna;Ammendante compostato misto;2;15268390;kg
2025;BO;Emilia Romagna;Altri Ammendanti;3;798810;kg
2025;BO;Emilia Romagna;Aggregati riciclati;5;953338568;kg
2025;BO;Emilia Romagna;Rottami di alluminio;6;8367704;kg
2025;BO;Emilia Romagna;Rottami di vetro;7;200240;kg
2025;BO;Emilia Romagna;Rottami di ferro e acciaio;8;200386581;kg
2025;BO;Emilia Romagna;Rottami di rame;9;6306629;kg
2025;BO;Emilia Romagna;Carta e cartone;10;115915277;kg
2025;BO;Emilia Romagna;Plastica;11;3870409;kg
2025;BO;Emilia Romagna;Legno e sughero;12;10121073;kg
2025;BO;Emilia Romagna;CSS – combustibile;13;2000000;kg
2025;BO;Emilia Romagna;Tessili;14;1075918;kg
2025;BO;Emilia Romagna;Granulato di Conglomerato bituminoso;20;109512329;kg
2025;BO;Emilia Romagna;Gomma vulcanizzata da PFU;22;730881;kg
2025;BO;Emilia Romagna;Altro;23;152397250;kg
2025;BR;Puglia;Ammendante compostato misto;2;11281590;kg
2025;BR;Puglia;Altri Ammendanti;3;64300;kg
2025;BR;Puglia;Aggregati riciclati;5;405404384;kg
2025;BR;Puglia;Rottami di alluminio;6;269090;kg
2025;BR;Puglia;Rottami di ferro e acciaio;8;30776141;kg
2025;BR;Puglia;Rottami di rame;9;6590;kg
2025;BR;Puglia;Carta e cartone;10;2995580;kg
2025;BR;Puglia;Plastica;11;723490;kg
2025;BR;Puglia;Legno e sughero;12;50510;kg
2025;BR;Puglia;Tessili;14;75517;kg
2025;BR;Puglia;Granulato di Conglomerato bituminoso;20;1861860;kg
2025;BR;Puglia;Altro;23;14406286;kg
2025;BS;Lombardia;Ammendante compostato verde;1;62442775;kg
2025;BS;Lombardia;Aggregati riciclati;5;2760538896;kg
2025;BS;Lombardia;Rottami di alluminio;6;0;
2025;BS;Lombardia;Rottami di alluminio;6;264308301;kg
2025;BS;Lombardia;Rottami di vetro;7;61867810;kg
2025;BS;Lombardia;Rottami di ferro e acciaio;8;0;
2025;BS;Lombardia;Rottami di ferro e acciaio;8;840077274;kg
2025;BS;Lombardia;Rottami di rame;9;0;
2025;BS;Lombardia;Rottami di rame;9;32888376;kg
2025;BS;Lombardia;Carta e cartone;10;105613307;kg
2025;BS;Lombardia;Plastica;11;49556055;kg
2025;BS;Lombardia;Legno e sughero;12;11571727;kg
2025;BS;Lombardia;CSS – combustibile;13;15449400;kg
2025;BS;Lombardia;Tessili;14;398875;kg
2025;BS;Lombardia;Gomma;15;378800;kg
2025;BS;Lombardia;Granulato di Conglomerato bituminoso;20;212264902;kg
2025;BS;Lombardia;Gomma vulcanizzata da PFU;22;12187860;kg
2025;BS;Lombardia;Altro;23;0;
2025;BS;Lombardia;Altro;23;992945039;kg
2025;BT;Puglia;Altri Ammendanti;3;129000;kg
2025;BT;Puglia;Aggregati riciclati;5;112080820;kg
2025;BT;Puglia;Rottami di alluminio;6;1319492;kg
2025;BT;Puglia;Rottami di ferro e acciaio;8;16206004;kg
2025;BT;Puglia;Rottami di rame;9;1459364;kg
2025;BT;Puglia;Carta e cartone;10;23341916;kg
2025;BT;Puglia;Plastica;11;6990183;kg
2025;BT;Puglia;CSS – combustibile;13;38953710;kg
2025;BT;Puglia;Tessili;14;1825089;kg
2025;BT;Puglia;Granulato di Conglomerato bituminoso;20;16623870;kg
2025;BT;Puglia;Materiali secondari derivanti dal recupero di prodotti assorbenti per la persona;21;6482;kg
2025;BT;Puglia;Altro;23;4317683;kg
2025;BZ;Trentino Alto Adige;Ammendante compostato verde;1;0;
2025;BZ;Trentino Alto Adige;Ammendante compostato verde;1;1445225;kg
2025;BZ;Trentino Alto Adige;Ammendante compostato misto;2;0;
2025;BZ;Trentino Alto Adige;Ammendante compostato misto;2;4697270;kg
2025;BZ;Trentino Alto Adige;Altri Ammendanti;3;52800;kg
2025;BZ;Trentino Alto Adige;Digestato;4;100000;kg
2025;BZ;Trentino Alto Adige;Aggregati riciclati;5;0;
2025;BZ;Trentino Alto Adige;Aggregati riciclati;5;950868638;kg
2025;BZ;Trentino Alto Adige;Rottami di alluminio;6;202621;kg
2025;BZ;Trentino Alto Adige;Rottami di vetro;7;236850;kg
2025;BZ;Trentino Alto Adige;Rottami di ferro e acciaio;8;0;
2025;BZ;Trentino Alto Adige;Rottami di ferro e acciaio;8;32579299;kg
2025;BZ;Trentino Alto Adige;Rottami di rame;9;102030;kg
2025;BZ;Trentino Alto Adige;Carta e cartone;10;0;
2025;BZ;Trentino Alto Adige;Carta e cartone;10;28971021;kg
2025;BZ;Trentino Alto Adige;Plastica;11;0;
2025;BZ;Trentino Alto Adige;Plastica;11;3560826;kg
2025;BZ;Trentino Alto Adige;Legno e sughero;12;0;
2025;BZ;Trentino Alto Adige;Legno e sughero;12;7994001;kg
2025;BZ;Trentino Alto Adige;CSS – combustibile;13;16780;kg
2025;BZ;Trentino Alto Adige;Gomma;15;0;
2025;BZ;Trentino Alto Adige;Gomma;15;5064534;kg
2025;BZ;Trentino Alto Adige;Granulato di Conglomerato bituminoso;20;0;
2025;BZ;Trentino Alto Adige;Granulato di Conglomerato bituminoso;20;20465736;kg
2025;BZ;Trentino Alto Adige;Materiali secondari derivanti dal recupero di prodotti assorbenti per la persona;21;0;
2025;BZ;Trentino Alto Adige;Materiali secondari derivanti dal recupero di prodotti assorbenti per la persona;21;70970;kg
2025;BZ;Trentino Alto Adige;Altro;23;0;
2025;BZ;Trentino Alto Adige;Altro;23;34816347;kg
2025;CA;Sardegna;Ammendante compostato verde;1;2750590;kg
2025;CA;Sardegna;Aggregati riciclati;5;440612655;kg
2025;CA;Sardegna;Rottami di ferro e acciaio;8;30368427;kg
2025;CA;Sardegna;Carta e cartone;10;18638559;kg
2025;CA;Sardegna;Plastica;11;761382;kg
2025;CA;Sardegna;Legno e sughero;12;5364;kg
2025;CA;Sardegna;Granulato di Conglomerato bituminoso;20;7487381;kg
2025;CA;Sardegna;Altro;23;14340650;kg
2025;CB;Molise;Altri Ammendanti;3;650000;kg
2025;CB;Molise;Aggregati riciclati;5;49183086;kg
2025;CB;Molise;Rottami di alluminio;6;11840;kg
2025;CB;Molise;Rottami di ferro e acciaio;8;3201263;kg
2025;CB;Molise;Carta e cartone;10;3959130;kg
2025;CB;Molise;Plastica;11;55293;kg
2025;CB;Molise;Granulato di Conglomerato bituminoso;20;121485253;kg
2025;CB;Molise;Altro;23;10680466;kg
2025;CE;Campania;Ammendante compostato verde;1;2075590;kg
2025;CE;Campania;Altri Ammendanti;3;943730;kg
2025;CE;Campania;Aggregati riciclati;5;923486485;kg
2025;CE;Campania;Rottami di alluminio;6;6203990;kg
2025;CE;Campania;Rottami di vetro;7;480;kg
2025;CE;Campania;Rottami di ferro e acciaio;8;44208386;kg
2025;CE;Campania;Rottami di rame;9;4638868;kg
2025;CE;Campania;Carta e cartone;10;78557090;kg
2025;CE;Campania;Plastica;11;13769583;kg
2025;CE;Campania;Legno e sughero;12;2110546;kg
2025;CE;Campania;CSS – combustibile;13;34079;kg
2025;CE;Campania;Tessili;14;62196076;kg
2025;CE;Campania;Gomma;15;46700;kg
2025;CE;Campania;Granulato di Conglomerato bituminoso;20;40249030;kg
2025;CE;Campania;Gomma vulcanizzata da PFU;22;888006;kg
2025;CE;Campania;Altro;23;88758093;kg
2025;CH;Abruzzo;Aggregati riciclati;5;497425500;kg
2025;CH;Abruzzo;Rottami di alluminio;6;22715;kg
2025;CH;Abruzzo;Rottami di vetro;7;810;kg
2025;CH;Abruzzo;Rottami di ferro e acciaio;8;22985726;kg
2025;CH;Abruzzo;Rottami di rame;9;4011;kg
2025;CH;Abruzzo;Carta e cartone;10;47780464;kg
2025;CH;Abruzzo;Plastica;11;2740798;kg
2025;CH;Abruzzo;Legno e sughero;12;193988;kg
2025;CH;Abruzzo;Cuoio;16;38445;kg
2025;CH;Abruzzo;Materiali ceramici;17;3164300;kg
2025;CH;Abruzzo;Granulato di Conglomerato bituminoso;20;10723356;kg
2025;CH;Abruzzo;Altro;23;47652513;kg
2025;CL;Sicilia;Ammendante compostato misto;2;5020000;kg
2025;CL;Sicilia;Aggregati riciclati;5;19010370;kg
2025;CL;Sicilia;Rottami di ferro e acciaio;8;22650;kg
2025;CL;Sicilia;Plastica;11;13512624;kg
2025;CL;Sicilia;Altro;23;27956671;kg
2025;CN;Piemonte;Ammendante compostato misto;2;26182420;kg
2025;CN;Piemonte;Aggregati riciclati;5;569443521;kg
2025;CN;Piemonte;Rottami di alluminio;6;843497;kg
2025;CN;Piemonte;Rottami di ferro e acciaio;8;87161912;kg
2025;CN;Piemonte;Rottami di rame;9;164210;kg
2025;CN;Piemonte;Carta e cartone;10;100210619;kg
2025;CN;Piemonte;Plastica;11;56643456;kg
2025;CN;Piemonte;Legno e sughero;12;3386904;kg
2025;CN;Piemonte;Tessili;14;32595;kg
2025;CN;Piemonte;Granulato di Conglomerato bituminoso;20;99371622;kg
2025;CN;Piemonte;Altro;23;76383117;kg
2025;CO;Lombardia;Ammendante compostato verde;1;18763866;kg
2025;CO;Lombardia;Aggregati riciclati;5;302942295;kg
2025;CO;Lombardia;Rottami di alluminio;6;624770;kg
2025;CO;Lombardia;Rottami di ferro e acciaio;8;131165853;kg
2025;CO;Lombardia;Rottami di rame;9;97661;kg
2025;CO;Lombardia;Carta e cartone;10;35223809;kg
2025;CO;Lombardia;Plastica;11;13466749;kg
2025;CO;Lombardia;Legno e sughero;12;2348350;kg
2025;CO;Lombardia;CSS – combustibile;13;5816270;kg
2025;CO;Lombardia;Gomma;15;249645;kg
2025;CO;Lombardia;Granulato di Conglomerato bituminoso;20;68325520;kg
2025;CO;Lombardia;Altro;23;19316107;kg
2025;CR;Lombardia;Ammendante compostato verde;1;270745;kg
2025;CR;Lombardia;Aggregati riciclati;5;249614105;kg
2025;CR;Lombardia;Rottami di alluminio;6;275824;kg
2025;CR;Lombardia;Rottami di vetro;7;28560;kg
2025;CR;Lombardia;Rottami di ferro e acciaio;8;37794940;kg
2025;CR;Lombardia;Rottami di rame;9;37639;kg
2025;CR;Lombardia;Carta e cartone;10;16641069;kg
2025;CR;Lombardia;Plastica;11;2007304;kg
2025;CR;Lombardia;Legno e sughero;12;3147665;kg
2025;CR;Lombardia;Tessili;14;218098;kg
2025;CR;Lombardia;Gomma;15;1382414;kg
2025;CR;Lombardia;Granulato di Conglomerato bituminoso;20;18405930;kg
2025;CR;Lombardia;Gomma vulcanizzata da PFU;22;1032330;kg
2025;CR;Lombardia;Altro;23;61449378;kg
2025;CS;Calabria;Ammendante compostato misto;2;5000000;kg
2025;CS;Calabria;Aggregati riciclati;5;266995027;kg
2025;CS;Calabria;Rottami di alluminio;6;7520;kg
2025;CS;Calabria;Rottami di ferro e acciaio;8;9320912;kg
2025;CS;Calabria;Rottami di rame;9;400;kg
2025;CS;Calabria;Carta e cartone;10;12350950;kg
2025;CS;Calabria;Tessili;14;691966;kg
2025;CS;Calabria;Granulato di Conglomerato bituminoso;20;90659215;kg
2025;CS;Calabria;Altro;23;1723271;kg
2025;CT;Sicilia;Ammendante compostato verde;1;1437360;kg
2025;CT;Sicilia;Ammendante compostato misto;2;7676284;kg
2025;CT;Sicilia;Altri Ammendanti;3;33788667;kg
2025;CT;Sicilia;Aggregati riciclati;5;455990000;kg
2025;CT;Sicilia;Rottami di alluminio;6;55660;kg
2025;CT;Sicilia;Rottami di ferro e acciaio;8;14257100;kg
2025;CT;Sicilia;Rottami di rame;9;7490;kg
2025;CT;Sicilia;Carta e cartone;10;25247160;kg
2025;CT;Sicilia;Plastica;11;2724896;kg
2025;CT;Sicilia;Granulato di Conglomerato bituminoso;20;13563516;kg
2025;CT;Sicilia;Altro;23;9592044;kg
2025;CZ;Calabria;Ammendante compostato misto;2;5722680;kg
2025;CZ;Calabria;Digestato;4;166400;kg
2025;CZ;Calabria;Aggregati riciclati;5;279613732;kg
2025;CZ;Calabria;Rottami di alluminio;6;891058;kg
2025;CZ;Calabria;Rottami di vetro;7;330;kg
2025;CZ;Calabria;Rottami di ferro e acciaio;8;7167145;kg
2025;CZ;Calabria;Carta e cartone;10;10305500;kg
2025;CZ;Calabria;Plastica;11;2434688;kg
2025;CZ;Calabria;Legno e sughero;12;2760;kg
2025;CZ;Calabria;Altri Fertilizzanti;19;1957058;kg
2025;CZ;Calabria;Granulato di Conglomerato bituminoso;20;32276262;kg
2025;CZ;Calabria;Gomma vulcanizzata da PFU;22;5545460;kg
2025;CZ;Calabria;Altro;23;78526932;kg
2025;EN;Sicilia;Aggregati riciclati;5;6768562;kg
2025;EN;Sicilia;Carta e cartone;10;18933639;kg
2025;FC;Emilia Romagna;Ammendante compostato misto;2;9852050;kg
2025;FC;Emilia Romagna;Altri Ammendanti;3;1501800;kg
2025;FC;Emilia Romagna;Digestato;4;1000000;kg
2025;FC;Emilia Romagna;Aggregati riciclati;5;247739346;kg
2025;FC;Emilia Romagna;Rottami di alluminio;6;2695022;kg
2025;FC;Emilia Romagna;Rottami di vetro;7;687927;kg
2025;FC;Emilia Romagna;Rottami di ferro e acciaio;8;94222779;kg
2025;FC;Emilia Romagna;Rottami di rame;9;2787513;kg
2025;FC;Emilia Romagna;Carta e cartone;10;65777755;kg
2025;FC;Emilia Romagna;Plastica;11;5003852;kg
2025;FC;Emilia Romagna;Legno e sughero;12;3373369;kg
2025;FC;Emilia Romagna;Granulato di Conglomerato bituminoso;20;192440785;kg
2025;FC;Emilia Romagna;Materiali secondari derivanti dal recupero di prodotti assorbenti per la persona;21;1574370;kg
2025;FC;Emilia Romagna;Altro;23;23445056;kg
2025;FE;Emilia Romagna;Ammendante compostato misto;2;6162610;kg
2025;FE;Emilia Romagna;Aggregati riciclati;5;158587139;kg
2025;FE;Emilia Romagna;Rottami di alluminio;6;6999269;kg
2025;FE;Emilia Romagna;Rottami di ferro e acciaio;8;33789860;kg
2025;FE;Emilia Romagna;Rottami di rame;9;9456379;kg
2025;FE;Emilia Romagna;Carta e cartone;10;27799220;kg
2025;FE;Emilia Romagna;Plastica;11;22400950;kg
2025;FE;Emilia Romagna;Legno e sughero;12;12750;kg
2025;FE;Emilia Romagna;Materiali ceramici;17;510720;kg
2025;FE;Emilia Romagna;Granulato di Conglomerato bituminoso;20;163090024;kg
2025;FE;Emilia Romagna;Altro;23;32590194;kg
2025;FG;Puglia;Ammendante compostato misto;2;32382683;kg
2025;FG;Puglia;Altri Ammendanti;3;7967960;kg
2025;FG;Puglia;Aggregati riciclati;5;623891319;kg
2025;FG;Puglia;Rottami di alluminio;6;224160;kg
2025;FG;Puglia;Rottami di vetro;7;281510;kg
2025;FG;Puglia;Rottami di ferro e acciaio;8;28228043;kg
2025;FG;Puglia;Rottami di rame;9;39020;kg
2025;FG;Puglia;Carta e cartone;10;10282297;kg
2025;FG;Puglia;Plastica;11;4213491;kg
2025;FG;Puglia;Legno e sughero;12;10880;kg
2025;FG;Puglia;Tessili;14;163890;kg
2025;FG;Puglia;Gomma;15;7584750;kg
2025;FG;Puglia;Correttivi da Fanghi;18;14711720;kg
2025;FG;Puglia;Altri Fertilizzanti;19;1441200;kg
2025;FG;Puglia;Granulato di Conglomerato bituminoso;20;81715980;kg
2025;FG;Puglia;Altro;23;82406920;kg
2025;FI;Toscana;Ammendante compostato misto;2;16670364;kg
2025;FI;Toscana;Aggregati riciclati;5;838360534;kg
2025;FI;Toscana;Rottami di alluminio;6;2741049;kg
2025;FI;Toscana;Rottami di vetro;7;94213266;kg
2025;FI;Toscana;Rottami di ferro e acciaio;8;23183062;kg
2025;FI;Toscana;Rottami di rame;9;270559;kg
2025;FI;Toscana;Carta e cartone;10;101222672;kg
2025;FI;Toscana;Plastica;11;2604411;kg
2025;FI;Toscana;Legno e sughero;12;20668;kg
2025;FI;Toscana;Tessili;14;1332558;kg
2025;FI;Toscana;Gomma;15;20457;kg
2025;FI;Toscana;Cuoio;16;6730;kg
2025;FI;Toscana;Altri Fertilizzanti;19;1464730;kg
2025;FI;Toscana;Granulato di Conglomerato bituminoso;20;113975070;kg
2025;FI;Toscana;Altro;23;237167015;kg
2025;FM;Marche;Ammendante compostato misto;2;3199650;kg
2025;FM;Marche;Aggregati riciclati;5;1454000;kg
2025;FM;Marche;Rottami di alluminio;6;326860;kg
2025;FM;Marche;Rottami di ferro e acciaio;8;14018187;kg
2025;FM;Marche;Rottami di rame;9;1065;kg
2025;FM;Marche;Carta e cartone;10;8016034;kg
2025;FM;Marche;Plastica;11;93280;kg
2025;FM;Marche;Altri Fertilizzanti;19;1605011;kg
2025;FM;Marche;Granulato di Conglomerato bituminoso;20;33845100;kg
2025;FM;Marche;Gomma vulcanizzata da PFU;22;7429845;kg
2025;FM;Marche;Altro;23;38169934;kg
2025;FR;Lazio;Ammendante compostato verde;1;4967000;kg
2025;FR;Lazio;Aggregati riciclati;5;2514123398;kg
2025;FR;Lazio;Rottami di alluminio;6;2210;kg
2025;FR;Lazio;Rottami di vetro;7;180723565;kg
2025;FR;Lazio;Rottami di ferro e acciaio;8;2127165;kg
2025;FR;Lazio;Carta e cartone;10;48813881;kg
2025;FR;Lazio;Plastica;11;5774248;kg
2025;FR;Lazio;Legno e sughero;12;4536;kg
2025;FR;Lazio;Granulato di Conglomerato bituminoso;20;16396242;kg
2025;FR;Lazio;Altro;23;7756957;kg
2025;GE;Liguria;Ammendante compostato verde;1;240000;kg
2025;GE;Liguria;Aggregati riciclati;5;48934090;kg
2025;GE;Liguria;Rottami di alluminio;6;189723;kg
2025;GE;Liguria;Rottami di vetro;7;45900;kg
2025;GE;Liguria;Rottami di ferro e acciaio;8;37178661;kg
2025;GE;Liguria;Rottami di rame;9;590521;kg
2025;GE;Liguria;Carta e cartone;10;57183968;kg
2025;GE;Liguria;Legno e sughero;12;236300;kg
2025;GE;Liguria;Granulato di Conglomerato bituminoso;20;109119375;kg
2025;GE;Liguria;Altro;23;12613477;kg
2025;GO;Friuli Venezia Giulia;Ammendante compostato misto;2;5370000;kg
2025;GO;Friuli Venezia Giulia;Aggregati riciclati;5;15310470;kg
2025;GO;Friuli Venezia Giulia;Rottami di alluminio;6;277124;kg
2025;GO;Friuli Venezia Giulia;Rottami di vetro;7;440;kg
2025;GO;Friuli Venezia Giulia;Rottami di ferro e acciaio;8;20988060;kg
2025;GO;Friuli Venezia Giulia;Rottami di rame;9;284392;kg
2025;GO;Friuli Venezia Giulia;Carta e cartone;10;7083920;kg
2025;GO;Friuli Venezia Giulia;Plastica;11;149560;kg
2025;GO;Friuli Venezia Giulia;Granulato di Conglomerato bituminoso;20;67813824;kg
2025;GO;Friuli Venezia Giulia;Altro;23;1550945;kg
2025;GR;Toscana;Ammendante compostato misto;2;3440620;kg
2025;GR;Toscana;Altri Ammendanti;3;29414360;kg
2025;GR;Toscana;Aggregati riciclati;5;86312661;kg
2025;GR;Toscana;Rottami di alluminio;6;442359;kg
2025;GR;Toscana;Rottami di ferro e acciaio;8;6042466;kg
2025;GR;Toscana;Rottami di rame;9;3025;kg
2025;GR;Toscana;Carta e cartone;10;19058350;kg
2025;GR;Toscana;Granulato di Conglomerato bituminoso;20;18216390;kg
2025;GR;Toscana;Altro;23;136201645;kg
2025;IM;Liguria;Ammendante compostato verde;1;2882435;kg
2025;IM;Liguria;Aggregati riciclati;5;68479940;kg
2025;IM;Liguria;Rottami di ferro e acciaio;8;2905740;kg
2025;IM;Liguria;Carta e cartone;10;5231520;kg
2025;IM;Liguria;Granulato di Conglomerato bituminoso;20;11339490;kg
2025;IM;Liguria;Altro;23;12010124;kg
2025;IS;Molise;Aggregati riciclati;5;45859082;kg
2025;IS;Molise;Rottami di alluminio;6;2666837;kg
2025;IS;Molise;Rottami di ferro e acciaio;8;2886536;kg
2025;IS;Molise;Carta e cartone;10;4768270;kg
2025;IS;Molise;Plastica;11;1592910;kg
2025;IS;Molise;Granulato di Conglomerato bituminoso;20;9950;kg
2025;IS;Molise;Materiali secondari derivanti dal recupero di prodotti assorbenti per la persona;21;457600;kg
2025;IS;Molise;Altro;23;161570;kg
2025;KR;Calabria;Aggregati riciclati;5;41832824;kg
2025;KR;Calabria;Rottami di alluminio;6;438265;kg
2025;KR;Calabria;Rottami di ferro e acciaio;8;24102718;kg
2025;KR;Calabria;Rottami di rame;9;263665;kg
2025;KR;Calabria;Carta e cartone;10;2405060;kg
2025;KR;Calabria;Plastica;11;558700;kg
2025;KR;Calabria;Altri Fertilizzanti;19;2181360;kg
2025;KR;Calabria;Granulato di Conglomerato bituminoso;20;624180;kg
2025;KR;Calabria;Altro;23;1475422;kg
2025;LC;Lombardia;Ammendante compostato misto;2;3465000;kg
2025;LC;Lombardia;Aggregati riciclati;5;254054290;kg
2025;LC;Lombardia;Rottami di alluminio;6;1459551;kg
2025;LC;Lombardia;Rottami di ferro e acciaio;8;145712926;kg
2025;LC;Lombardia;Rottami di rame;9;440247;kg
2025;LC;Lombardia;Carta e cartone;10;20895435;kg
2025;LC;Lombardia;Plastica;11;730917;kg
2025;LC;Lombardia;Legno e sughero;12;33493645;kg
2025;LC;Lombardia;Tessili;14;936596;kg
2025;LC;Lombardia;Granulato di Conglomerato bituminoso;20;17197026;kg
2025;LC;Lombardia;Altro;23;4901855;kg
2025;LE;Puglia;Ammendante compostato verde;1;1051050;kg
2025;LE;Puglia;Ammendante compostato misto;2;36510;kg
2025;LE;Puglia;Altri Ammendanti;3;643000;kg
2025;LE;Puglia;Aggregati riciclati;5;444094396;kg
2025;LE;Puglia;Rottami di alluminio;6;884964;kg
2025;LE;Puglia;Rottami di vetro;7;758725;kg
2025;LE;Puglia;Rottami di ferro e acciaio;8;79211187;kg
2025;LE;Puglia;Carta e cartone;10;70863591;kg
2025;LE;Puglia;Plastica;11;322626;kg
2025;LE;Puglia;Legno e sughero;12;2068034;kg
2025;LE;Puglia;Tessili;14;180570;kg
2025;LE;Puglia;Materiali ceramici;17;10000;kg
2025;LE;Puglia;Granulato di Conglomerato bituminoso;20;23375390;kg
2025;LE;Puglia;Gomma vulcanizzata da PFU;22;54710;kg
2025;LE;Puglia;Altro;23;63028353;kg
2025;LI;Toscana;Ammendante compostato verde;1;1226430;kg
2025;LI;Toscana;Aggregati riciclati;5;475946731;kg
2025;LI;Toscana;Rottami di ferro e acciaio;8;12970357;kg
2025;LI;Toscana;Rottami di rame;9;700;kg
2025;LI;Toscana;Carta e cartone;10;15997994;kg
2025;LI;Toscana;Materiali ceramici;17;10449320;kg
2025;LI;Toscana;Granulato di Conglomerato bituminoso;20;18278249;kg
2025;LI;Toscana;Altro;23;84842400;kg
2025;LO;Lombardia;Aggregati riciclati;5;378094125;kg
2025;LO;Lombardia;Rottami di alluminio;6;278668;kg
2025;LO;Lombardia;Rottami di ferro e acciaio;8;30615631;kg
2025;LO;Lombardia;Rottami di rame;9;13182;kg
2025;LO;Lombardia;Carta e cartone;10;12643010;kg
2025;LO;Lombardia;Correttivi da Fanghi;18;66451780;kg
2025;LO;Lombardia;Granulato di Conglomerato bituminoso;20;2120760;kg
2025;LO;Lombardia;Altro;23;244725315;kg
2025;LT;Lazio;Altri Ammendanti;3;363180;kg
2025;LT;Lazio;Aggregati riciclati;5;169140737;kg
2025;LT;Lazio;Rottami di alluminio;6;8067066;kg
2025;LT;Lazio;Rottami di ferro e acciaio;8;12733557;kg
2025;LT;Lazio;Rottami di rame;9;64618;kg
2025;LT;Lazio;Carta e cartone;10;2024140;kg
2025;LT;Lazio;Plastica;11;1865748;kg
2025;LT;Lazio;Granulato di Conglomerato bituminoso;20;70740324;kg
2025;LT;Lazio;Materiali secondari derivanti dal recupero di prodotti assorbenti per la persona;21;117050;kg
2025;LT;Lazio;Gomma vulcanizzata da PFU;22;818640;kg
2025;LT;Lazio;Altro;23;72852367;kg
2025;LU;Toscana;Aggregati riciclati;5;426487378;kg
2025;LU;Toscana;Rottami di alluminio;6;249754;kg
2025;LU;Toscana;Rottami di ferro e acciaio;8;19156497;kg
2025;LU;Toscana;Rottami di rame;9;9029320;kg
2025;LU;Toscana;Carta e cartone;10;76751228;kg
2025;LU;Toscana;Plastica;11;3404243;kg
2025;LU;Toscana;Legno e sughero;12;15660;kg
2025;LU;Toscana;Tessili;14;189853;kg
2025;LU;Toscana;Granulato di Conglomerato bituminoso;20;54585953;kg
2025;LU;Toscana;Altro;23;15355908;kg
2025;MB;Lombardia;Aggregati riciclati;5;505259651;kg
2025;MB;Lombardia;Rottami di alluminio;6;5924638;kg
2025;MB;Lombardia;Rottami di ferro e acciaio;8;57060489;kg
2025;MB;Lombardia;Rottami di rame;9;1199262;kg
2025;MB;Lombardia;Carta e cartone;10;97845798;kg
2025;MB;Lombardia;Plastica;11;2944457;kg
2025;MB;Lombardia;Legno e sughero;12;5769985;kg
2025;MB;Lombardia;Tessili;14;334883;kg
2025;MB;Lombardia;Granulato di Conglomerato bituminoso;20;85332950;kg
2025;MB;Lombardia;Altro;23;42259571;kg
2025;MC;Marche;Ammendante compostato verde;1;35000;kg
2025;MC;Marche;Ammendante compostato misto;2;140000;kg
2025;MC;Marche;Aggregati riciclati;5;315227603;kg
2025;MC;Marche;Rottami di alluminio;6;3173155;kg
2025;MC;Marche;Rottami di ferro e acciaio;8;28812141;kg
2025;MC;Marche;Rottami di rame;9;3046068;kg
2025;MC;Marche;Carta e cartone;10;19909677;kg
2025;MC;Marche;Plastica;11;4103555;kg
2025;MC;Marche;Legno e sughero;12;200020;kg
2025;MC;Marche;Tessili;14;3536037;kg
2025;MC;Marche;Gomma;15;15692;kg
2025;MC;Marche;Altro;23;25313592;kg
2025;ME;Sicilia;Ammendante compostato verde;1;510;kg
2025;ME;Sicilia;Altri Ammendanti;3;247080;kg
2025;ME;Sicilia;Aggregati riciclati;5;187269504;kg
2025;ME;Sicilia;Carta e cartone;10;17767749;kg
2025;ME;Sicilia;Plastica;11;11830;kg
2025;ME;Sicilia;Tessili;14;189130;kg
2025;ME;Sicilia;Granulato di Conglomerato bituminoso;20;26834420;kg
2025;ME;Sicilia;Materiali secondari derivanti dal recupero di prodotti assorbenti per la persona;21;4056610;kg
2025;ME;Sicilia;Altro;23;464892;kg
2025;MI;Lombardia;Ammendante compostato verde;1;18625662;kg
2025;MI;Lombardia;Ammendante compostato misto;2;23841160;kg
2025;MI;Lombardia;Aggregati riciclati;5;2104138718;kg
2025;MI;Lombardia;Rottami di alluminio;6;4551867;kg
2025;MI;Lombardia;Rottami di vetro;7;23406650;kg
2025;MI;Lombardia;Rottami di ferro e acciaio;8;362869510;kg
2025;MI;Lombardia;Rottami di rame;9;8753148;kg
2025;MI;Lombardia;Carta e cartone;10;543287500;kg
2025;MI;Lombardia;Plastica;11;32383430;kg
2025;MI;Lombardia;Legno e sughero;12;12105245;kg
2025;MI;Lombardia;CSS – combustibile;13;6866320;kg
2025;MI;Lombardia;Tessili;14;4436645;kg
2025;MI;Lombardia;Granulato di Conglomerato bituminoso;20;186486455;kg
2025;MI;Lombardia;Materiali secondari derivanti dal recupero di prodotti assorbenti per la persona;21;12300;kg
2025;MI;Lombardia;Altro;23;169020152;kg
2025;MN;Lombardia;Ammendante compostato verde;1;1254460;kg
2025;MN;Lombardia;Altri Ammendanti;3;22325000;kg
2025;MN;Lombardia;Aggregati riciclati;5;503188907;kg
2025;MN;Lombardia;Rottami di alluminio;6;3728460;kg
2025;MN;Lombardia;Rottami di ferro e acciaio;8;9922623;kg
2025;MN;Lombardia;Carta e cartone;10;53118157;kg
2025;MN;Lombardia;Plastica;11;6528490;kg
2025;MN;Lombardia;Legno e sughero;12;9756400;kg
2025;MN;Lombardia;CSS – combustibile;13;650000;kg
2025;MN;Lombardia;Tessili;14;1440660;kg
2025;MN;Lombardia;Altri Fertilizzanti;19;14065450;kg
2025;MN;Lombardia;Granulato di Conglomerato bituminoso;20;92765302;kg
2025;MN;Lombardia;Altro;23;112391948;kg
2025;MO;Emilia Romagna;Ammendante compostato verde;1;221760;kg
2025;MO;Emilia Romagna;Ammendante compostato misto;2;9857320;kg
2025;MO;Emilia Romagna;Altri Ammendanti;3;5030000;kg
2025;MO;Emilia Romagna;Aggregati riciclati;5;622533203;kg
2025;MO;Emilia Romagna;Rottami di alluminio;6;1254110;kg
2025;MO;Emilia Romagna;Rottami di vetro;7;147928079;kg
2025;MO;Emilia Romagna;Rottami di ferro e acciaio;8;103480273;kg
2025;MO;Emilia Romagna;Rottami di rame;9;117930;kg
2025;MO;Emilia Romagna;Carta e cartone;10;77575025;kg
2025;MO;Emilia Romagna;Plastica;11;2966823;kg
2025;MO;Emilia Romagna;CSS – combustibile;13;9000000;kg
2025;MO;Emilia Romagna;Materiali ceramici;17;201837938;kg
2025;MO;Emilia Romagna;Correttivi da Fanghi;18;32500;kg
2025;MO;Emilia Romagna;Granulato di Conglomerato bituminoso;20;186490770;kg
2025;MO;Emilia Romagna;Altro;23;212908690;kg
2025;MS;Toscana;Aggregati riciclati;5;62699691;kg
2025;MS;Toscana;Rottami di alluminio;6;13156;kg
2025;MS;Toscana;Rottami di ferro e acciaio;8;956140;kg
2025;MS;Toscana;Rottami di rame;9;2507;kg
2025;MS;Toscana;Carta e cartone;10;2333689;kg
2025;MS;Toscana;Granulato di Conglomerato bituminoso;20;7533780;kg
2025;MS;Toscana;Altro;23;35558542;kg
2025;MT;Basilicata;Aggregati riciclati;5;127871610;kg
2025;MT;Basilicata;Rottami di alluminio;6;110710;kg
2025;MT;Basilicata;Rottami di ferro e acciaio;8;10082344;kg
2025;MT;Basilicata;Rottami di rame;9;29160;kg
2025;MT;Basilicata;Carta e cartone;10;27469800;kg
2025;MT;Basilicata;Plastica;11;12705182;kg
2025;MT;Basilicata;Legno e sughero;12;105180;kg
2025;MT;Basilicata;CSS – combustibile;13;13590000;kg
2025;MT;Basilicata;Materiali ceramici;17;4550270;kg
2025;MT;Basilicata;Granulato di Conglomerato bituminoso;20;73008030;kg
2025;MT;Basilicata;Altro;23;5400947;kg
2025;NA;Campania;Ammendante compostato misto;2;24714246;kg
2025;NA;Campania;Aggregati riciclati;5;1437201433;kg
2025;NA;Campania;Rottami di alluminio;6;1502394;kg
2025;NA;Campania;Rottami di vetro;7;800;kg
2025;NA;Campania;Rottami di ferro e acciaio;8;50271321;kg
2025;NA;Campania;Rottami di rame;9;889701;kg
2025;NA;Campania;Carta e cartone;10;136844241;kg
2025;NA;Campania;Plastica;11;15235774;kg
2025;NA;Campania;Tessili;14;22679926;kg
2025;NA;Campania;Granulato di Conglomerato bituminoso;20;8151380;kg
2025;NA;Campania;Altro;23;51621086;kg
2025;NO;Piemonte;Ammendante compostato verde;1;0;
2025;NO;Piemonte;Ammendante compostato verde;1;300000;kg
2025;NO;Piemonte;Altri Ammendanti;3;37800000;kg
2025;NO;Piemonte;Aggregati riciclati;5;0;
2025;NO;Piemonte;Aggregati riciclati;5;428331058;kg
2025;NO;Piemonte;Rottami di alluminio;6;3272926;kg
2025;NO;Piemonte;Rottami di ferro e acciaio;8;13364240;kg
2025;NO;Piemonte;Rottami di rame;9;6087;kg
2025;NO;Piemonte;Carta e cartone;10;8454025;kg
2025;NO;Piemonte;Plastica;11;19942138;kg
2025;NO;Piemonte;Granulato di Conglomerato bituminoso;20;30409800;kg
2025;NO;Piemonte;Altro;23;0;
2025;NO;Piemonte;Altro;23;163698659;kg
2025;NU;Sardegna;Ammendante compostato misto;2;3109250;kg
2025;NU;Sardegna;Rottami di alluminio;6;38194;kg
2025;NU;Sardegna;Rottami di ferro e acciaio;8;1390690;kg
2025;NU;Sardegna;Rottami di rame;9;324;kg
2025;NU;Sardegna;Carta e cartone;10;16701060;kg
2025;NU;Sardegna;Plastica;11;3140;kg
2025;NU;Sardegna;Granulato di Conglomerato bituminoso;20;20628138;kg
2025;OG;Sardegna;Ammendante compostato misto;2;648070;kg
2025;OR;Sardegna;Ammendante compostato misto;2;6800240;kg
2025;OR;Sardegna;Aggregati riciclati;5;226599917;kg
2025;OR;Sardegna;Rottami di ferro e acciaio;8;1195060;kg
2025;OR;Sardegna;Carta e cartone;10;9862000;kg
2025;OR;Sardegna;Plastica;11;110300;kg
2025;OR;Sardegna;Granulato di Conglomerato bituminoso;20;13874920;kg
2025;OR;Sardegna;Altro;23;960650;kg
2025;OT;Sardegna;Aggregati riciclati;5;10474480;kg
2025;PA;Sicilia;Ammendante compostato verde;1;2382520;kg
2025;PA;Sicilia;Aggregati riciclati;5;686544724;kg
2025;PA;Sicilia;Rottami di alluminio;6;1673389;kg
2025;PA;Sicilia;Rottami di ferro e acciaio;8;12700178;kg
2025;PA;Sicilia;Rottami di rame;9;12480;kg
2025;PA;Sicilia;Carta e cartone;10;22076597;kg
2025;PA;Sicilia;Plastica;11;52926;kg
2025;PA;Sicilia;Gomma;15;3489660;kg
2025;PA;Sicilia;Granulato di Conglomerato bituminoso;20;84088260;kg
2025;PA;Sicilia;Gomma vulcanizzata da PFU;22;4142308;kg
2025;PA;Sicilia;Altro;23;24529035;kg
2025;PC;Emilia Romagna;Ammendante compostato verde;1;4260232;kg
2025;PC;Emilia Romagna;Ammendante compostato misto;2;5887810;kg
2025;PC;Emilia Romagna;Aggregati riciclati;5;249341702;kg
2025;PC;Emilia Romagna;Rottami di alluminio;6;941059;kg
2025;PC;Emilia Romagna;Rottami di ferro e acciaio;8;25452334;kg
2025;PC;Emilia Romagna;Rottami di rame;9;18830;kg
2025;PC;Emilia Romagna;Carta e cartone;10;45450333;kg
2025;PC;Emilia Romagna;Plastica;11;5402238;kg
2025;PC;Emilia Romagna;Legno e sughero;12;427132528;kg
2025;PC;Emilia Romagna;Correttivi da Fanghi;18;41710640;kg
2025;PC;Emilia Romagna;Granulato di Conglomerato bituminoso;20;69951520;kg
2025;PC;Emilia Romagna;Altro;23;5432720;kg
2025;PD;Veneto;Ammendante compostato verde;1;3573000;kg
2025;PD;Veneto;Ammendante compostato misto;2;29623434;kg
2025;PD;Veneto;Altri Ammendanti;3;58140;kg
2025;PD;Veneto;Aggregati riciclati;5;637976989;kg
2025;PD;Veneto;Rottami di alluminio;6;8522940;kg
2025;PD;Veneto;Rottami di ferro e acciaio;8;561250973;kg
2025;PD;Veneto;Rottami di rame;9;4974143;kg
2025;PD;Veneto;Carta e cartone;10;123177110;kg
2025;PD;Veneto;Plastica;11;23034635;kg
2025;PD;Veneto;Legno e sughero;12;818465;kg
2025;PD;Veneto;Tessili;14;931388;kg
2025;PD;Veneto;Gomma;15;584082;kg
2025;PD;Veneto;Granulato di Conglomerato bituminoso;20;226927620;kg
2025;PD;Veneto;Altro;23;113577904;kg
2025;PE;Abruzzo;Aggregati riciclati;5;157175471;kg
2025;PE;Abruzzo;Rottami di alluminio;6;130960;kg
2025;PE;Abruzzo;Rottami di vetro;7;800;kg
2025;PE;Abruzzo;Rottami di ferro e acciaio;8;20875513;kg
2025;PE;Abruzzo;Rottami di rame;9;6000;kg
2025;PE;Abruzzo;Carta e cartone;10;9415338;kg
2025;PE;Abruzzo;Plastica;11;24473;kg
2025;PE;Abruzzo;Tessili;14;400;kg
2025;PE;Abruzzo;Granulato di Conglomerato bituminoso;20;35390490;kg
2025;PE;Abruzzo;Gomma vulcanizzata da PFU;22;1000;kg
2025;PE;Abruzzo;Altro;23;3302244;kg
2025;PG;Umbria;Ammendante compostato verde;1;869268;kg
2025;PG;Umbria;Ammendante compostato misto;2;9833522;kg
2025;PG;Umbria;Aggregati riciclati;5;279834948;kg
2025;PG;Umbria;Rottami di alluminio;6;478410;kg
2025;PG;Umbria;Rottami di vetro;7;149652047;kg
2025;PG;Umbria;Rottami di ferro e acciaio;8;70305429;kg
2025;PG;Umbria;Rottami di rame;9;184330;kg
2025;PG;Umbria;Carta e cartone;10;61771829;kg
2025;PG;Umbria;Plastica;11;24847954;kg
2025;PG;Umbria;Legno e sughero;12;43040;kg
2025;PG;Umbria;Tessili;14;3624680;kg
2025;PG;Umbria;Granulato di Conglomerato bituminoso;20;102435873;kg
2025;PG;Umbria;Altro;23;71115488;kg
2025;PI;Toscana;Aggregati riciclati;5;64072484;kg
2025;PI;Toscana;Rottami di alluminio;6;5450864;kg
2025;PI;Toscana;Rottami di ferro e acciaio;8;238313875;kg
2025;PI;Toscana;Rottami di rame;9;187793;kg
2025;PI;Toscana;Carta e cartone;10;2136240;kg
2025;PI;Toscana;Plastica;11;694726;kg
2025;PI;Toscana;Legno e sughero;12;14371309;kg
2025;PI;Toscana;Altri Fertilizzanti;19;14322294;kg
2025;PI;Toscana;Granulato di Conglomerato bituminoso;20;30523091;kg
2025;PI;Toscana;Altro;23;78216548;kg
2025;PN;Friuli Venezia Giulia;Ammendante compostato verde;1;10447764;kg
2025;PN;Friuli Venezia Giulia;Ammendante compostato misto;2;53700000;kg
2025;PN;Friuli Venezia Giulia;Aggregati riciclati;5;574226144;kg
2025;PN;Friuli Venezia Giulia;Rottami di alluminio;6;484100;kg
2025;PN;Friuli Venezia Giulia;Rottami di vetro;7;141964578;kg
2025;PN;Friuli Venezia Giulia;Rottami di ferro e acciaio;8;25239050;kg
2025;PN;Friuli Venezia Giulia;Rottami di rame;9;140250;kg
2025;PN;Friuli Venezia Giulia;Carta e cartone;10;29439708;kg
2025;PN;Friuli Venezia Giulia;Plastica;11;2137693;kg
2025;PN;Friuli Venezia Giulia;Legno e sughero;12;3043088;kg
2025;PN;Friuli Venezia Giulia;Tessili;14;82901;kg
2025;PN;Friuli Venezia Giulia;Granulato di Conglomerato bituminoso;20;99981680;kg
2025;PN;Friuli Venezia Giulia;Altro;23;93269869;kg
2025;PO;Toscana;Aggregati riciclati;5;158452933;kg
2025;PO;Toscana;Rottami di alluminio;6;77800;kg
2025;PO;Toscana;Rottami di ferro e acciaio;8;8465590;kg
2025;PO;Toscana;Carta e cartone;10;55107112;kg
2025;PO;Toscana;Plastica;11;597057;kg
2025;PO;Toscana;Tessili;14;19323133;kg
2025;PO;Toscana;Gomma;15;37500;kg
2025;PO;Toscana;Materiali secondari derivanti dal recupero di prodotti assorbenti per la persona;21;20100;kg
2025;PO;Toscana;Altro;23;5486300;kg
2025;PR;Emilia Romagna;Ammendante compostato misto;2;233215;kg
2025;PR;Emilia Romagna;Aggregati riciclati;5;248873360;kg
2025;PR;Emilia Romagna;Rottami di alluminio;6;590702;kg
2025;PR;Emilia Romagna;Rottami di vetro;7;30000;kg
2025;PR;Emilia Romagna;Rottami di ferro e acciaio;8;106853544;kg
2025;PR;Emilia Romagna;Rottami di rame;9;368765;kg
2025;PR;Emilia Romagna;Carta e cartone;10;84195145;kg
2025;PR;Emilia Romagna;Plastica;11;6535257;kg
2025;PR;Emilia Romagna;Legno e sughero;12;442664;kg
2025;PR;Emilia Romagna;Tessili;14;700141;kg
2025;PR;Emilia Romagna;Gomma;15;418910;kg
2025;PR;Emilia Romagna;Granulato di Conglomerato bituminoso;20;52628940;kg
2025;PR;Emilia Romagna;Altro;23;10632591;kg
2025;PT;Toscana;Aggregati riciclati;5;190196800;kg
2025;PT;Toscana;Rottami di ferro e acciaio;8;7933280;kg
2025;PT;Toscana;Carta e cartone;10;22704360;kg
2025;PT;Toscana;Plastica;11;1227564;kg
2025;PT;Toscana;Legno e sughero;12;531927;kg
2025;PT;Toscana;Tessili;14;99437;kg
2025;PT;Toscana;Granulato di Conglomerato bituminoso;20;112549100;kg
2025;PT;Toscana;Altro;23;117677;kg
2025;PU;Marche;Ammendante compostato verde;1;1550000;kg
2025;PU;Marche;Aggregati riciclati;5;60096795;kg
2025;PU;Marche;Rottami di alluminio;6;1995783;kg
2025;PU;Marche;Rottami di vetro;7;20822030;kg
2025;PU;Marche;Rottami di ferro e acciaio;8;26751346;kg
2025;PU;Marche;Rottami di rame;9;252366;kg
2025;PU;Marche;Carta e cartone;10;14795910;kg
2025;PU;Marche;Plastica;11;1896094;kg
2025;PU;Marche;Legno e sughero;12;1896376;kg
2025;PU;Marche;Granulato di Conglomerato bituminoso;20;2972550;kg
2025;PU;Marche;Altro;23;4992118;kg
2025;PV;Lombardia;Ammendante compostato verde;1;6442430;kg
2025;PV;Lombardia;Ammendante compostato misto;2;21128174;kg
2025;PV;Lombardia;Altri Ammendanti;3;76961890;kg
2025;PV;Lombardia;Aggregati riciclati;5;1002375308;kg
2025;PV;Lombardia;Rottami di alluminio;6;470437;kg
2025;PV;Lombardia;Rottami di vetro;7;29600;kg
2025;PV;Lombardia;Rottami di ferro e acciaio;8;23287117;kg
2025;PV;Lombardia;Rottami di rame;9;58746;kg
2025;PV;Lombardia;Carta e cartone;10;8488951;kg
2025;PV;Lombardia;Plastica;11;29555909;kg
2025;PV;Lombardia;Legno e sughero;12;1313913;kg
2025;PV;Lombardia;Cuoio;16;518480;kg
2025;PV;Lombardia;Correttivi da Fanghi;18;294298701;kg
2025;PV;Lombardia;Altri Fertilizzanti;19;5035000;kg
2025;PV;Lombardia;Granulato di Conglomerato bituminoso;20;36968960;kg
2025;PV;Lombardia;Altro;23;141174684;kg
2025;PZ;Basilicata;Aggregati riciclati;5;128045209;kg
2025;PZ;Basilicata;Rottami di alluminio;6;3174727;kg
2025;PZ;Basilicata;Rottami di vetro;7;32640;kg
2025;PZ;Basilicata;Rottami di ferro e acciaio;8;199195743;kg
2025;PZ;Basilicata;Rottami di rame;9;1245;kg
2025;PZ;Basilicata;Carta e cartone;10;6215123;kg
2025;PZ;Basilicata;Plastica;11;2720561;kg
2025;PZ;Basilicata;CSS – combustibile;13;12609507;kg
2025;PZ;Basilicata;Gomma;15;8970793;kg
2025;PZ;Basilicata;Granulato di Conglomerato bituminoso;20;2806535;kg
2025;PZ;Basilicata;Materiali secondari derivanti dal recupero di prodotti assorbenti per la persona;21;103940;kg
2025;PZ;Basilicata;Altro;23;269897;kg
2025;RA;Emilia Romagna;Ammendante compostato verde;1;16152125;kg
2025;RA;Emilia Romagna;Ammendante compostato misto;2;7958300;kg
2025;RA;Emilia Romagna;Altri Ammendanti;3;69286910;kg
2025;RA;Emilia Romagna;Aggregati riciclati;5;254605607;kg
2025;RA;Emilia Romagna;Rottami di alluminio;6;61786;kg
2025;RA;Emilia Romagna;Rottami di ferro e acciaio;8;42514766;kg
2025;RA;Emilia Romagna;Rottami di rame;9;3394087;kg
2025;RA;Emilia Romagna;Carta e cartone;10;34917815;kg
2025;RA;Emilia Romagna;Plastica;11;2144500;kg
2025;RA;Emilia Romagna;CSS – combustibile;13;28774800;kg
2025;RA;Emilia Romagna;Gomma;15;326940;kg
2025;RA;Emilia Romagna;Correttivi da Fanghi;18;73668920;kg
2025;RA;Emilia Romagna;Granulato di Conglomerato bituminoso;20;3625900;kg
2025;RA;Emilia Romagna;Gomma vulcanizzata da PFU;22;617000;kg
2025;RA;Emilia Romagna;Altro;23;150471394;kg
2025;RC;Calabria;Ammendante compostato misto;2;13735532;kg
2025;RC;Calabria;Altri Ammendanti;3;273500;kg
2025;RC;Calabria;Aggregati riciclati;5;62567511;kg
2025;RC;Calabria;Rottami di ferro e acciaio;8;650000;kg
2025;RC;Calabria;Carta e cartone;10;4937578;kg
2025;RC;Calabria;Plastica;11;36020;kg
2025;RC;Calabria;Legno e sughero;12;48660;kg
2025;RC;Calabria;Granulato di Conglomerato bituminoso;20;357875;kg
2025;RC;Calabria;Altro;23;3238045;kg
2025;RE;Emilia Romagna;Ammendante compostato misto;2;10806540;kg
2025;RE;Emilia Romagna;Altri Ammendanti;3;40486220;kg
2025;RE;Emilia Romagna;Aggregati riciclati;5;227250608;kg
2025;RE;Emilia Romagna;Rottami di alluminio;6;563447;kg
2025;RE;Emilia Romagna;Rottami di vetro;7;13220;kg
2025;RE;Emilia Romagna;Rottami di ferro e acciaio;8;57282566;kg
2025;RE;Emilia Romagna;Rottami di rame;9;70412;kg
2025;RE;Emilia Romagna;Carta e cartone;10;24751176;kg
2025;RE;Emilia Romagna;Plastica;11;5147811;kg
2025;RE;Emilia Romagna;Legno e sughero;12;43998150;kg
2025;RE;Emilia Romagna;Tessili;14;1391270;kg
2025;RE;Emilia Romagna;Materiali ceramici;17;18936970;kg
2025;RE;Emilia Romagna;Granulato di Conglomerato bituminoso;20;10652026;kg
2025;RE;Emilia Romagna;Altro;23;28827042;kg
2025;RG;Sicilia;Ammendante compostato misto;2;2743000;kg
2025;RG;Sicilia;Altri Ammendanti;3;99600;kg
2025;RG;Sicilia;Aggregati riciclati;5;123056125;kg
2025;RG;Sicilia;Rottami di alluminio;6;131304;kg
2025;RG;Sicilia;Rottami di ferro e acciaio;8;98976;kg
2025;RG;Sicilia;Plastica;11;32695380;kg
2025;RG;Sicilia;Granulato di Conglomerato bituminoso;20;11590793;kg
2025;RG;Sicilia;Altro;23;94893;kg
2025;RI;Lazio;Aggregati riciclati;5;121248560;kg
2025;RI;Lazio;Rottami di ferro e acciaio;8;150;kg
2025;RI;Lazio;Granulato di Conglomerato bituminoso;20;8098000;kg
2025;RI;Lazio;Altro;23;11379169;kg
2025;RM;Lazio;Ammendante compostato verde;1;10797150;kg
2025;RM;Lazio;Ammendante compostato misto;2;6364790;kg
2025;RM;Lazio;Aggregati riciclati;5;852328966;kg
2025;RM;Lazio;Rottami di alluminio;6;8988030;kg
2025;RM;Lazio;Rottami di ferro e acciaio;8;148239217;kg
2025;RM;Lazio;Rottami di rame;9;2991416;kg
2025;RM;Lazio;Carta e cartone;10;250554131;kg
2025;RM;Lazio;Plastica;11;5849926;kg
2025;RM;Lazio;Legno e sughero;12;426219;kg
2025;RM;Lazio;CSS – combustibile;13;20857290;kg
2025;RM;Lazio;Tessili;14;1438589;kg
2025;RM;Lazio;Granulato di Conglomerato bituminoso;20;412497353;kg
2025;RM;Lazio;Altro;23;44374707;kg
2025;RN;Emilia Romagna;Ammendante compostato misto;2;4000050;kg
2025;RN;Emilia Romagna;Aggregati riciclati;5;404754536;kg
2025;RN;Emilia Romagna;Rottami di alluminio;6;1095292;kg
2025;RN;Emilia Romagna;Rottami di ferro e acciaio;8;29480018;kg
2025;RN;Emilia Romagna;Rottami di rame;9;102125;kg
2025;RN;Emilia Romagna;Carta e cartone;10;24471580;kg
2025;RN;Emilia Romagna;Plastica;11;172434;kg
2025;RN;Emilia Romagna;CSS – combustibile;13;1192110;kg
2025;RN;Emilia Romagna;Granulato di Conglomerato bituminoso;20;138526136;kg
2025;RN;Emilia Romagna;Altro;23;16610811;kg
2025;RO;Veneto;Aggregati riciclati;5;237952613;kg
2025;RO;Veneto;Rottami di alluminio;6;12201;kg
2025;RO;Veneto;Rottami di vetro;7;239080;kg
2025;RO;Veneto;Rottami di ferro e acciaio;8;9099172;kg
2025;RO;Veneto;Rottami di rame;9;3678;kg
2025;RO;Veneto;Carta e cartone;10;35686420;kg
2025;RO;Veneto;Plastica;11;26054854;kg
2025;RO;Veneto;Granulato di Conglomerato bituminoso;20;84938312;kg
2025;RO;Veneto;Altro;23;14179620;kg
2025;SA;Campania;Ammendante compostato misto;2;2625000;kg
2025;SA;Campania;Aggregati riciclati;5;1023207721;kg
2025;SA;Campania;Rottami di alluminio;6;2268853;kg
2025;SA;Campania;Rottami di vetro;7;5911120;kg
2025;SA;Campania;Rottami di ferro e acciaio;8;138594941;kg
2025;SA;Campania;Rottami di rame;9;167706;kg
2025;SA;Campania;Carta e cartone;10;124870812;kg
2025;SA;Campania;Plastica;11;25330537;kg
2025;SA;Campania;Legno e sughero;12;83560;kg
2025;SA;Campania;CSS – combustibile;13;30792510;kg
2025;SA;Campania;Granulato di Conglomerato bituminoso;20;27520371;kg
2025;SA;Campania;Materiali secondari derivanti dal recupero di prodotti assorbenti per la persona;21;1023250;kg
2025;SA;Campania;Gomma vulcanizzata da PFU;22;311577;kg
2025;SA;Campania;Altro;23;26060101;kg
2025;SI;Toscana;Ammendante compostato misto;2;4079193;kg
2025;SI;Toscana;Aggregati riciclati;5;158471113;kg
2025;SI;Toscana;Rottami di alluminio;6;80007;kg
2025;SI;Toscana;Rottami di ferro e acciaio;8;8220606;kg
2025;SI;Toscana;Rottami di rame;9;138716;kg
2025;SI;Toscana;Carta e cartone;10;19660362;kg
2025;SI;Toscana;Plastica;11;14130;kg
2025;SI;Toscana;Granulato di Conglomerato bituminoso;20;4500000;kg
2025;SI;Toscana;Altro;23;1458121;kg
2025;SO;Lombardia;Ammendante compostato misto;2;600;kg
2025;SO;Lombardia;Aggregati riciclati;5;288249225;kg
2025;SO;Lombardia;Rottami di alluminio;6;7440;kg
2025;SO;Lombardia;Rottami di ferro e acciaio;8;7669539;kg
2025;SO;Lombardia;Legno e sughero;12;900;kg
2025;SO;Lombardia;Granulato di Conglomerato bituminoso;20;28749890;kg
2025;SO;Lombardia;Altro;23;57803590;kg
2025;SP;Liguria;Aggregati riciclati;5;391741403;kg
2025;SP;Liguria;Rottami di alluminio;6;67770;kg
2025;SP;Liguria;Rottami di ferro e acciaio;8;14365705;kg
2025;SP;Liguria;Rottami di rame;9;64644;kg
2025;SP;Liguria;Carta e cartone;10;12770189;kg
2025;SP;Liguria;Granulato di Conglomerato bituminoso;20;8938600;kg
2025;SP;Liguria;Altro;23;9485;kg
2025;SR;Sicilia;Altri Ammendanti;3;17434323;kg
2025;SR;Sicilia;Aggregati riciclati;5;214116092;kg
2025;SR;Sicilia;Rottami di alluminio;6;267330;kg
2025;SR;Sicilia;Rottami di ferro e acciaio;8;26308241;kg
2025;SR;Sicilia;Rottami di rame;9;18121;kg
2025;SR;Sicilia;Carta e cartone;10;19085920;kg
2025;SR;Sicilia;Plastica;11;370467;kg
2025;SR;Sicilia;Altro;23;5836884;kg
2025;SS;Sardegna;Ammendante compostato verde;1;917410;kg
2025;SS;Sardegna;Ammendante compostato misto;2;8123790;kg
2025;SS;Sardegna;Aggregati riciclati;5;86884728;kg
2025;SS;Sardegna;Rottami di alluminio;6;68589;kg
2025;SS;Sardegna;Rottami di ferro e acciaio;8;9083555;kg
2025;SS;Sardegna;Rottami di rame;9;43680;kg
2025;SS;Sardegna;Carta e cartone;10;25504852;kg
2025;SS;Sardegna;Granulato di Conglomerato bituminoso;20;9548774;kg
2025;SS;Sardegna;Altro;23;7261550;kg
2025;SU;Sardegna;Ammendante compostato verde;1;227680;kg
2025;SU;Sardegna;Ammendante compostato misto;2;13154830;kg
2025;SU;Sardegna;Aggregati riciclati;5;46043887;kg
2025;SU;Sardegna;Rottami di ferro e acciaio;8;4031812;kg
2025;SU;Sardegna;Carta e cartone;10;26238300;kg
2025;SU;Sardegna;Tessili;14;37727;kg
2025;SU;Sardegna;Granulato di Conglomerato bituminoso;20;11818139;kg
2025;SU;Sardegna;Altro;23;3301138;kg
2025;SV;Liguria;Ammendante compostato verde;1;1351440;kg
2025;SV;Liguria;Ammendante compostato misto;2;4089830;kg
2025;SV;Liguria;Aggregati riciclati;5;106192301;kg
2025;SV;Liguria;Rottami di alluminio;6;1729900;kg
2025;SV;Liguria;Rottami di vetro;7;184266116;kg
2025;SV;Liguria;Rottami di ferro e acciaio;8;28634979;kg
2025;SV;Liguria;Rottami di rame;9;43453;kg
2025;SV;Liguria;Carta e cartone;10;24341352;kg
2025;SV;Liguria;Legno e sughero;12;1164823;kg
2025;SV;Liguria;Granulato di Conglomerato bituminoso;20;8856222;kg
2025;SV;Liguria;Altro;23;108085154;kg
2025;TA;Puglia;Ammendante compostato misto;2;4001180;kg
2025;TA;Puglia;Altri Ammendanti;3;16940000;kg
2025;TA;Puglia;Aggregati riciclati;5;154424826;kg
2025;TA;Puglia;Rottami di alluminio;6;277580;kg
2025;TA;Puglia;Rottami di ferro e acciaio;8;21972433;kg
2025;TA;Puglia;Rottami di rame;9;59598;kg
2025;TA;Puglia;Carta e cartone;10;29806920;kg
2025;TA;Puglia;Plastica;11;28595838;kg
2025;TA;Puglia;CSS – combustibile;13;18661980;kg
2025;TA;Puglia;Tessili;14;75140;kg
2025;TA;Puglia;Altro;23;2812929;kg
2025;TE;Abruzzo;Ammendante compostato misto;2;1943378;kg
2025;TE;Abruzzo;Aggregati riciclati;5;259954017;kg
2025;TE;Abruzzo;Rottami di alluminio;6;1861392;kg
2025;TE;Abruzzo;Rottami di vetro;7;462990;kg
2025;TE;Abruzzo;Rottami di ferro e acciaio;8;62852586;kg
2025;TE;Abruzzo;Rottami di rame;9;529390;kg
2025;TE;Abruzzo;Carta e cartone;10;30819490;kg
2025;TE;Abruzzo;Plastica;11;32174248;kg
2025;TE;Abruzzo;Legno e sughero;12;19820011;kg
2025;TE;Abruzzo;Granulato di Conglomerato bituminoso;20;20834543;kg
2025;TE;Abruzzo;Altro;23;4886697;kg
2025;TN;Trentino Alto Adige;Ammendante compostato verde;1;6733220;kg
2025;TN;Trentino Alto Adige;Ammendante compostato misto;2;11287870;kg
2025;TN;Trentino Alto Adige;Aggregati riciclati;5;461109829;kg
2025;TN;Trentino Alto Adige;Rottami di alluminio;6;590411;kg
2025;TN;Trentino Alto Adige;Rottami di ferro e acciaio;8;0;
2025;TN;Trentino Alto Adige;Rottami di ferro e acciaio;8;169988926;kg
2025;TN;Trentino Alto Adige;Rottami di rame;9;83768;kg
2025;TN;Trentino Alto Adige;Carta e cartone;10;96521410;kg
2025;TN;Trentino Alto Adige;Plastica;11;5565960;kg
2025;TN;Trentino Alto Adige;Legno e sughero;12;6529930;kg
2025;TN;Trentino Alto Adige;Granulato di Conglomerato bituminoso;20;125533994;kg
2025;TN;Trentino Alto Adige;Altro;23;138057982;kg
2025;TO;Piemonte;Ammendante compostato verde;1;12421469;kg
2025;TO;Piemonte;Ammendante compostato misto;2;18228102;kg
2025;TO;Piemonte;Altri Ammendanti;3;3321550;kg
2025;TO;Piemonte;Aggregati riciclati;5;2178437344;kg
2025;TO;Piemonte;Rottami di alluminio;6;7819936;kg
2025;TO;Piemonte;Rottami di vetro;7;309940;kg
2025;TO;Piemonte;Rottami di ferro e acciaio;8;0;
2025;TO;Piemonte;Rottami di ferro e acciaio;8;440692508;kg
2025;TO;Piemonte;Rottami di rame;9;5104359;kg
2025;TO;Piemonte;Carta e cartone;10;163980761;kg
2025;TO;Piemonte;Plastica;11;29858487;kg
2025;TO;Piemonte;Legno e sughero;12;18182883;kg
2025;TO;Piemonte;Tessili;14;212327;kg
2025;TO;Piemonte;Gomma;15;2470113;kg
2025;TO;Piemonte;Granulato di Conglomerato bituminoso;20;382137114;kg
2025;TO;Piemonte;Gomma vulcanizzata da PFU;22;3688108;kg
2025;TO;Piemonte;Altro;23;0;
2025;TO;Piemonte;Altro;23;30746188;kg
2025;TP;Sicilia;Ammendante compostato misto;2;5245000;kg
2025;TP;Sicilia;Aggregati riciclati;5;195206492;kg
2025;TP;Sicilia;Carta e cartone;10;10178638;kg
2025;TP;Sicilia;Altro;23;1188274;kg
2025;TR;Umbria;Ammendante compostato verde;1;200200;kg
2025;TR;Umbria;Ammendante compostato misto;2;5385320;kg
2025;TR;Umbria;Aggregati riciclati;5;385974436;kg
2025;TR;Umbria;Rottami di alluminio;6;2343075;kg
2025;TR;Umbria;Rottami di ferro e acciaio;8;24238641;kg
2025;TR;Umbria;Rottami di rame;9;9270;kg
2025;TR;Umbria;Carta e cartone;10;15373470;kg
2025;TR;Umbria;Plastica;11;11858270;kg
2025;TR;Umbria;Legno e sughero;12;141600;kg
2025;TR;Umbria;Granulato di Conglomerato bituminoso;20;13760797;kg
2025;TR;Umbria;Gomma vulcanizzata da PFU;22;2727653;kg
2025;TR;Umbria;Altro;23;12243044;kg
2025;TS;Friuli Venezia Giulia;Ammendante compostato verde;1;430420;kg
2025;TS;Friuli Venezia Giulia;Ammendante compostato misto;2;8980;kg
2025;TS;Friuli Venezia Giulia;Aggregati riciclati;5;180625227;kg
2025;TS;Friuli Venezia Giulia;Rottami di alluminio;6;35300;kg
2025;TS;Friuli Venezia Giulia;Rottami di ferro e acciaio;8;1798061;kg
2025;TS;Friuli Venezia Giulia;Rottami di rame;9;38496;kg
2025;TS;Friuli Venezia Giulia;Carta e cartone;10;14472460;kg
2025;TV;Veneto;Ammendante compostato verde;1;364236;kg
2025;TV;Veneto;Ammendante compostato misto;2;14509270;kg
2025;TV;Veneto;Digestato;4;412;kg
2025;TV;Veneto;Aggregati riciclati;5;892724703;kg
2025;TV;Veneto;Rottami di alluminio;6;5448432;kg
2025;TV;Veneto;Rottami di vetro;7;37274;kg
2025;TV;Veneto;Rottami di ferro e acciaio;8;293529727;kg
2025;TV;Veneto;Rottami di rame;9;2364488;kg
2025;TV;Veneto;Carta e cartone;10;197994612;kg
2025;TV;Veneto;Plastica;11;70084568;kg
2025;TV;Veneto;Legno e sughero;12;8498087;kg
2025;TV;Veneto;Materiali ceramici;17;831940;kg
2025;TV;Veneto;Granulato di Conglomerato bituminoso;20;231596657;kg
2025;TV;Veneto;Gomma vulcanizzata da PFU;22;5289666;kg
2025;TV;Veneto;Altro;23;46987530;kg
2025;UD;Friuli Venezia Giulia;Ammendante compostato verde;1;4537660;kg
2025;UD;Friuli Venezia Giulia;Ammendante compostato misto;2;6357300;kg
2025;UD;Friuli Venezia Giulia;Aggregati riciclati;5;340333638;kg
2025;UD;Friuli Venezia Giulia;Rottami di alluminio;6;1529013;kg
2025;UD;Friuli Venezia Giulia;Rottami di vetro;7;253300;kg
2025;UD;Friuli Venezia Giulia;Rottami di ferro e acciaio;8;1835053259;kg
2025;UD;Friuli Venezia Giulia;Rottami di rame;9;902493;kg
2025;UD;Friuli Venezia Giulia;Carta e cartone;10;39611070;kg
2025;UD;Friuli Venezia Giulia;Plastica;11;33906526;kg
2025;UD;Friuli Venezia Giulia;Legno e sughero;12;6099062;kg
2025;UD;Friuli Venezia Giulia;Tessili;14;32740;kg
2025;UD;Friuli Venezia Giulia;Granulato di Conglomerato bituminoso;20;132498040;kg
2025;UD;Friuli Venezia Giulia;Altro;23;7513893;kg
2025;VA;Lombardia;Ammendante compostato verde;1;5603420;kg
2025;VA;Lombardia;Aggregati riciclati;5;291228053;kg
2025;VA;Lombardia;Rottami di alluminio;6;5594451;kg
2025;VA;Lombardia;Rottami di vetro;7;514985437;kg
2025;VA;Lombardia;Rottami di ferro e acciaio;8;63068079;kg
2025;VA;Lombardia;Rottami di rame;9;2346377;kg
2025;VA;Lombardia;Carta e cartone;10;62803680;kg
2025;VA;Lombardia;Plastica;11;44973694;kg
2025;VA;Lombardia;Legno e sughero;12;5017304;kg
2025;VA;Lombardia;Tessili;14;462844;kg
2025;VA;Lombardia;Gomma;15;2740;kg
2025;VA;Lombardia;Granulato di Conglomerato bituminoso;20;46977660;kg
2025;VA;Lombardia;Altro;23;235775737;kg
2025;VB;Piemonte;Ammendante compostato verde;1;2240;kg
2025;VB;Piemonte;Aggregati riciclati;5;52812359;kg
2025;VB;Piemonte;Rottami di alluminio;6;46650481;kg
2025;VB;Piemonte;Rottami di ferro e acciaio;8;60957540;kg
2025;VB;Piemonte;Carta e cartone;10;10189210;kg
2025;VB;Piemonte;Legno e sughero;12;209240;kg
2025;VB;Piemonte;Granulato di Conglomerato bituminoso;20;6942760;kg
2025;VB;Piemonte;Altro;23;1877535;kg
2025;VC;Piemonte;Ammendante compostato misto;2;2879410;kg
2025;VC;Piemonte;Aggregati riciclati;5;370499454;kg
2025;VC;Piemonte;Rottami di alluminio;6;26560;kg
2025;VC;Piemonte;Rottami di ferro e acciaio;8;957414;kg
2025;VC;Piemonte;Rottami di rame;9;804;kg
2025;VC;Piemonte;Carta e cartone;10;38361559;kg
2025;VC;Piemonte;Plastica;11;1237506;kg
2025;VC;Piemonte;Legno e sughero;12;852607;kg
2025;VC;Piemonte;Granulato di Conglomerato bituminoso;20;336400;kg
2025;VC;Piemonte;Altro;23;79748358;kg
2025;VE;Veneto;Ammendante compostato verde;1;4429113;kg
2025;VE;Veneto;Aggregati riciclati;5;261847987;kg
2025;VE;Veneto;Rottami di alluminio;6;4537008;kg
2025;VE;Veneto;Rottami di vetro;7;90060270;kg
2025;VE;Veneto;Rottami di ferro e acciaio;8;136055444;kg
2025;VE;Veneto;Rottami di rame;9;2179303;kg
2025;VE;Veneto;Carta e cartone;10;63019647;kg
2025;VE;Veneto;Plastica;11;6567723;kg
2025;VE;Veneto;Legno e sughero;12;4748316;kg
2025;VE;Veneto;CSS – combustibile;13;2719460;kg
2025;VE;Veneto;Tessili;14;519709;kg
2025;VE;Veneto;Granulato di Conglomerato bituminoso;20;43888260;kg
2025;VE;Veneto;Altro;23;100081825;kg
2025;VI;Veneto;Ammendante compostato verde;1;6325417;kg
2025;VI;Veneto;Ammendante compostato misto;2;2003860;kg
2025;VI;Veneto;Aggregati riciclati;5;656256747;kg
2025;VI;Veneto;Rottami di alluminio;6;6077923;kg
2025;VI;Veneto;Rottami di vetro;7;320455520;kg
2025;VI;Veneto;Rottami di ferro e acciaio;8;217541609;kg
2025;VI;Veneto;Rottami di rame;9;7787631;kg
2025;VI;Veneto;Carta e cartone;10;80766801;kg
2025;VI;Veneto;Plastica;11;38715129;kg
2025;VI;Veneto;Legno e sughero;12;34046507;kg
2025;VI;Veneto;Tessili;14;381107;kg
2025;VI;Veneto;Gomma;15;290090;kg
2025;VI;Veneto;Altri Fertilizzanti;19;21047287;kg
2025;VI;Veneto;Granulato di Conglomerato bituminoso;20;92293720;kg
2025;VI;Veneto;Altro;23;129698361;kg
2025;VR;Veneto;Ammendante compostato verde;1;4397960;kg
2025;VR;Veneto;Ammendante compostato misto;2;31425670;kg
2025;VR;Veneto;Altri Ammendanti;3;116867480;kg
2025;VR;Veneto;Aggregati riciclati;5;1345236167;kg
2025;VR;Veneto;Rottami di alluminio;6;2574067;kg
2025;VR;Veneto;Rottami di ferro e acciaio;8;455612653;kg
2025;VR;Veneto;Rottami di rame;9;1326201;kg
2025;VR;Veneto;Carta e cartone;10;160291120;kg
2025;VR;Veneto;Plastica;11;9001237;kg
2025;VR;Veneto;Legno e sughero;12;6071740;kg
2025;VR;Veneto;CSS – combustibile;13;78200;kg
2025;VR;Veneto;Correttivi da Fanghi;18;3959000;kg
2025;VR;Veneto;Altri Fertilizzanti;19;2067460;kg
2025;VR;Veneto;Granulato di Conglomerato bituminoso;20;275594655;kg
2025;VR;Veneto;Gomma vulcanizzata da PFU;22;52924;kg
2025;VR;Veneto;Altro;23;125570740;kg
2025;VT;Lazio;Ammendante compostato verde;1;418440;kg
2025;VT;Lazio;Ammendante compostato misto;2;6410431;kg
2025;VT;Lazio;Aggregati riciclati;5;136154950;kg
2025;VT;Lazio;Rottami di alluminio;6;733180;kg
2025;VT;Lazio;Rottami di ferro e acciaio;8;5930107;kg
2025;VT;Lazio;Carta e cartone;10;24791313;kg
2025;VT;Lazio;CSS – combustibile;13;346900;kg
2025;VT;Lazio;Tessili;14;51155;kg
2025;VT;Lazio;Granulato di Conglomerato bituminoso;20;23329798;kg
2025;VT;Lazio;Altro;23;38837344;kg
2025;VV;Calabria;Aggregati riciclati;5;5669390;kg
2025;VV;Calabria;Rottami di alluminio;6;33836;kg
2025;VV;Calabria;Rottami di ferro e acciaio;8;1515470;kg
2025;VV;Calabria;Carta e cartone;10;4384270;kg
2026;AG;Sicilia;Ammendante compostato verde;1;53660;kg
2026;AG;Sicilia;Ammendante compostato misto;2;3325670;kg
2026;AG;Sicilia;Aggregati riciclati;5;85018715;kg
2026;AG;Sicilia;Rottami di ferro e acciaio;8;1975960;kg
2026;AG;Sicilia;Carta e cartone;10;14322220;kg
2026;AG;Sicilia;Tessili;14;115065;kg
2026;AG;Sicilia;Granulato di Conglomerato bituminoso;20;2441570;kg
2026;AG;Sicilia;Altro;23;476767;kg
2026;AL;Piemonte;Ammendante compostato misto;2;73600;kg
2026;AL;Piemonte;Aggregati riciclati;5;239960303;kg
2026;AL;Piemonte;Rottami di alluminio;6;2256111;kg
2026;AL;Piemonte;Rottami di ferro e acciaio;8;8656276;kg
2026;AL;Piemonte;Rottami di rame;9;3129048;kg
2026;AL;Piemonte;Carta e cartone;10;24948845;kg
2026;AL;Piemonte;Plastica;11;6785712;kg
2026;AL;Piemonte;Legno e sughero;12;1955751;kg
2026;AL;Piemonte;CSS – combustibile;13;2438450;kg
2026;AL;Piemonte;Altri Fertilizzanti;19;1458270;kg
2026;AL;Piemonte;Granulato di Conglomerato bituminoso;20;24469600;kg
2026;AL;Piemonte;Altro;23;16032306;kg
2026;AN;Marche;Ammendante compostato verde;1;810230;kg
2026;AN;Marche;Ammendante compostato misto;2;294830;kg
2026;AN;Marche;Digestato;4;5000;kg
2026;AN;Marche;Aggregati riciclati;5;95338833;kg
2026;AN;Marche;Rottami di alluminio;6;1968575;kg
2026;AN;Marche;Rottami di vetro;7;28140;kg
2026;AN;Marche;Rottami di ferro e acciaio;8;51626720;kg
2026;AN;Marche;Rottami di rame;9;8960;kg
2026;AN;Marche;Carta e cartone;10;25495033;kg
2026;AN;Marche;Plastica;11;984234;kg
2026;AN;Marche;Legno e sughero;12;879162;kg
2026;AN;Marche;CSS – combustibile;13;3360000;kg
2026;AN;Marche;Gomma;15;3559623;kg
2026;AN;Marche;Granulato di Conglomerato bituminoso;20;33568504;kg
2026;AN;Marche;Altro;23;16256534;kg
2026;AO;Valle d`Aosta;Ammendante compostato verde;1;62300;kg
2026;AO;Valle d`Aosta;Aggregati riciclati;5;3673998;kg
2026;AO;Valle d`Aosta;Rottami di alluminio;6;10260;kg
2026;AO;Valle d`Aosta;Rottami di ferro e acciaio;8;5004121;kg
2026;AO;Valle d`Aosta;Rottami di rame;9;7760;kg
2026;AO;Valle d`Aosta;Carta e cartone;10;5743780;kg
2026;AP;Marche;Aggregati riciclati;5;161042107;kg
2026;AP;Marche;Rottami di alluminio;6;97074;kg
2026;AP;Marche;Rottami di ferro e acciaio;8;11553378;kg
2026;AP;Marche;Rottami di rame;9;13665;kg
2026;AP;Marche;Carta e cartone;10;9855967;kg
2026;AP;Marche;Plastica;11;632525;kg
2026;AP;Marche;Gomma;15;1153737;kg
2026;AP;Marche;Granulato di Conglomerato bituminoso;20;20789642;kg
2026;AP;Marche;Altro;23;10469115;kg
2026;AQ;Abruzzo;Aggregati riciclati;5;305163662;kg
2026;AQ;Abruzzo;Rottami di ferro e acciaio;8;1727054;kg
2026;AQ;Abruzzo;Rottami di rame;9;1191;kg
2026;AQ;Abruzzo;Carta e cartone;10;3166000;kg
2026;AQ;Abruzzo;Plastica;11;7019;kg
2026;AQ;Abruzzo;Granulato di Conglomerato bituminoso;20;57089604;kg
2026;AQ;Abruzzo;Altro;23;5575660;kg
2026;AR;Toscana;Ammendante compostato misto;2;1734500;kg
2026;AR;Toscana;Aggregati riciclati;5;21519850;kg
2026;AR;Toscana;Rottami di alluminio;6;280;kg
2026;AR;Toscana;Rottami di ferro e acciaio;8;10163638;kg
2026;AR;Toscana;Rottami di rame;9;92650;kg
2026;AR;Toscana;Carta e cartone;10;19927954;kg
2026;AR;Toscana;Plastica;11;1549795;kg
2026;AR;Toscana;Legno e sughero;12;5350360;kg
2026;AR;Toscana;Granulato di Conglomerato bituminoso;20;36027400;kg
2026;AR;Toscana;Altro;23;195873;kg
2026;AT;Piemonte;Aggregati riciclati;5;104683995;kg
2026;AT;Piemonte;Rottami di alluminio;6;1980;kg
2026;AT;Piemonte;Rottami di ferro e acciaio;8;51174529;kg
2026;AT;Piemonte;Rottami di rame;9;240;kg
2026;AT;Piemonte;Carta e cartone;10;6888359;kg
2026;AT;Piemonte;Plastica;11;18940;kg
2026;AT;Piemonte;Correttivi da Fanghi;18;5737759;kg
2026;AT;Piemonte;Granulato di Conglomerato bituminoso;20;1496880;kg
2026;AT;Piemonte;Altro;23;23116404;kg
2026;AV;Campania;Aggregati riciclati;5;493027741;kg
2026;AV;Campania;Rottami di alluminio;6;196226;kg
2026;AV;Campania;Rottami di ferro e acciaio;8;14040675;kg
2026;AV;Campania;Rottami di rame;9;8030;kg
2026;AV;Campania;Carta e cartone;10;8365849;kg
2026;AV;Campania;Plastica;11;8414319;kg
2026;AV;Campania;Tessili;14;5365;kg
2026;AV;Campania;Gomma;15;598000;kg
2026;AV;Campania;Granulato di Conglomerato bituminoso;20;64885400;kg
2026;AV;Campania;Altro;23;18660502;kg
2026;BA;Puglia;Altri Ammendanti;3;308000;kg
2026;BA;Puglia;Digestato;4;9990;kg
2026;BA;Puglia;Aggregati riciclati;5;719546017;kg
2026;BA;Puglia;Rottami di alluminio;6;2655805;kg
2026;BA;Puglia;Rottami di ferro e acciaio;8;49644592;kg
2026;BA;Puglia;Rottami di rame;9;890022;kg
2026;BA;Puglia;Carta e cartone;10;32758591;kg
2026;BA;Puglia;Plastica;11;6347170;kg
2026;BA;Puglia;Legno e sughero;12;9556870;kg
2026;BA;Puglia;Tessili;14;170400;kg
2026;BA;Puglia;Granulato di Conglomerato bituminoso;20;13883860;kg
2026;BA;Puglia;Gomma vulcanizzata da PFU;22;16347584;kg
2026;BA;Puglia;Altro;23;27295764;kg
2026;BG;Lombardia;Ammendante compostato verde;1;20862089;kg
2026;BG;Lombardia;Ammendante compostato misto;2;61779440;kg
2026;BG;Lombardia;Altri Ammendanti;3;49108000;kg
2026;BG;Lombardia;Aggregati riciclati;5;1098274082;kg
2026;BG;Lombardia;Rottami di alluminio;6;27298443;kg
2026;BG;Lombardia;Rottami di vetro;7;15948680;kg
2026;BG;Lombardia;Rottami di ferro e acciaio;8;453223294;kg
2026;BG;Lombardia;Rottami di rame;9;5265855;kg
2026;BG;Lombardia;Carta e cartone;10;62150773;kg
2026;BG;Lombardia;Plastica;11;81568161;kg
2026;BG;Lombardia;Legno e sughero;12;697109;kg
2026;BG;Lombardia;Tessili;14;1595135;kg
2026;BG;Lombardia;Granulato di Conglomerato bituminoso;20;123954918;kg
2026;BG;Lombardia;Gomma vulcanizzata da PFU;22;2012335;kg
2026;BG;Lombardia;Altro;23;315381053;kg
2026;BI;Piemonte;Ammendante compostato verde;1;39590;kg
2026;BI;Piemonte;Aggregati riciclati;5;147663894;kg
2026;BI;Piemonte;Rottami di alluminio;6;142530;kg
2026;BI;Piemonte;Rottami di vetro;7;44435308;kg
2026;BI;Piemonte;Rottami di ferro e acciaio;8;6705213;kg
2026;BI;Piemonte;Rottami di rame;9;5150;kg
2026;BI;Piemonte;Carta e cartone;10;9277320;kg
2026;BI;Piemonte;Plastica;11;0;
2026;BI;Piemonte;Plastica;11;2477315;kg
2026;BI;Piemonte;Legno e sughero;12;302256;kg
2026;BI;Piemonte;CSS – combustibile;13;1040330;kg
2026;BI;Piemonte;Materiali ceramici;17;829360;kg
2026;BI;Piemonte;Granulato di Conglomerato bituminoso;20;35476000;kg
2026;BI;Piemonte;Altro;23;12102800;kg
2026;BL;Veneto;Ammendante compostato misto;2;3735160;kg
2026;BL;Veneto;Digestato;4;233800;kg
2026;BL;Veneto;Aggregati riciclati;5;118357436;kg
2026;BL;Veneto;Rottami di alluminio;6;398021;kg
2026;BL;Veneto;Rottami di ferro e acciaio;8;2986348;kg
2026;BL;Veneto;Rottami di rame;9;148810;kg
2026;BL;Veneto;Carta e cartone;10;1156870;kg
2026;BL;Veneto;Plastica;11;203059;kg
2026;BL;Veneto;Legno e sughero;12;2380;kg
2026;BL;Veneto;Altro;23;1098301;kg
2026;BN;Campania;Aggregati riciclati;5;103220472;kg
2026;BN;Campania;Rottami di ferro e acciaio;8;5738661;kg
2026;BN;Campania;Carta e cartone;10;8231161;kg
2026;BN;Campania;Plastica;11;110297;kg
2026;BN;Campania;Tessili;14;2244931;kg
2026;BN;Campania;Granulato di Conglomerato bituminoso;20;16439213;kg
2026;BN;Campania;Altro;23;89471410;kg
2026;BO;Emilia Romagna;Ammendante compostato verde;1;4117270;kg
2026;BO;Emilia Romagna;Ammendante compostato misto;2;16159850;kg
2026;BO;Emilia Romagna;Altri Ammendanti;3;1288000;kg
2026;BO;Emilia Romagna;Aggregati riciclati;5;615077996;kg
2026;BO;Emilia Romagna;Rottami di alluminio;6;6334941;kg
2026;BO;Emilia Romagna;Rottami di ferro e acciaio;8;140613622;kg
2026;BO;Emilia Romagna;Rottami di rame;9;4105727;kg
2026;BO;Emilia Romagna;Carta e cartone;10;71215482;kg
2026;BO;Emilia Romagna;Plastica;11;2577576;kg
2026;BO;Emilia Romagna;Legno e sughero;12;5770823;kg
2026;BO;Emilia Romagna;Tessili;14;529;kg
2026;BO;Emilia Romagna;Correttivi da Fanghi;18;115770;kg
2026;BO;Emilia Romagna;Granulato di Conglomerato bituminoso;20;79047420;kg
2026;BO;Emilia Romagna;Gomma vulcanizzata da PFU;22;511732;kg
2026;BO;Emilia Romagna;Altro;23;73042408;kg
2026;BR;Puglia;Ammendante compostato misto;2;7037000;kg
2026;BR;Puglia;Aggregati riciclati;5;220844094;kg
2026;BR;Puglia;Rottami di alluminio;6;150011;kg
2026;BR;Puglia;Rottami di ferro e acciaio;8;31958337;kg
2026;BR;Puglia;Rottami di rame;9;1930;kg
2026;BR;Puglia;Carta e cartone;10;2076010;kg
2026;BR;Puglia;Plastica;11;368010;kg
2026;BR;Puglia;Legno e sughero;12;45640;kg
2026;BR;Puglia;Tessili;14;25010;kg
2026;BR;Puglia;Granulato di Conglomerato bituminoso;20;754210;kg
2026;BR;Puglia;Altro;23;7755195;kg
2026;BS;Lombardia;Ammendante compostato verde;1;38452680;kg
2026;BS;Lombardia;Altri Ammendanti;3;1291160;kg
2026;BS;Lombardia;Aggregati riciclati;5;1804204200;kg
2026;BS;Lombardia;Rottami di alluminio;6;113305147;kg
2026;BS;Lombardia;Rottami di vetro;7;16643470;kg
2026;BS;Lombardia;Rottami di ferro e acciaio;8;0;
2026;BS;Lombardia;Rottami di ferro e acciaio;8;541723941;kg
2026;BS;Lombardia;Rottami di rame;9;24367639;kg
2026;BS;Lombardia;Carta e cartone;10;88116119;kg
2026;BS;Lombardia;Plastica;11;29168963;kg
2026;BS;Lombardia;Legno e sughero;12;11252450;kg
2026;BS;Lombardia;CSS – combustibile;13;68016200;kg
2026;BS;Lombardia;Tessili;14;240839;kg
2026;BS;Lombardia;Cuoio;16;16;kg
2026;BS;Lombardia;Granulato di Conglomerato bituminoso;20;140009700;kg
2026;BS;Lombardia;Gomma vulcanizzata da PFU;22;7825410;kg
2026;BS;Lombardia;Altro;23;619481617;kg
2026;BT;Puglia;Ammendante compostato misto;2;1874590;kg
2026;BT;Puglia;Aggregati riciclati;5;147481705;kg
2026;BT;Puglia;Rottami di alluminio;6;898915;kg
2026;BT;Puglia;Rottami di vetro;7;7872440;kg
2026;BT;Puglia;Rottami di ferro e acciaio;8;11906522;kg
2026;BT;Puglia;Rottami di rame;9;880718;kg
2026;BT;Puglia;Carta e cartone;10;16318102;kg
2026;BT;Puglia;Plastica;11;4265003;kg
2026;BT;Puglia;Legno e sughero;12;195125;kg
2026;BT;Puglia;CSS – combustibile;13;25747430;kg
2026;BT;Puglia;Tessili;14;529112;kg
2026;BT;Puglia;Granulato di Conglomerato bituminoso;20;38245280;kg
2026;BT;Puglia;Gomma vulcanizzata da PFU;22;7000;kg
2026;BT;Puglia;Altro;23;1649396;kg
2026;BZ;Trentino Alto Adige;Ammendante compostato verde;1;664390;kg
2026;BZ;Trentino Alto Adige;Ammendante compostato misto;2;4123960;kg
2026;BZ;Trentino Alto Adige;Altri Ammendanti;3;58210;kg
2026;BZ;Trentino Alto Adige;Aggregati riciclati;5;619803164;kg
2026;BZ;Trentino Alto Adige;Rottami di alluminio;6;128029;kg
2026;BZ;Trentino Alto Adige;Rottami di ferro e acciaio;8;18203913;kg
2026;BZ;Trentino Alto Adige;Rottami di rame;9;67780;kg
2026;BZ;Trentino Alto Adige;Carta e cartone;10;16463222;kg
2026;BZ;Trentino Alto Adige;Plastica;11;2356928;kg
2026;BZ;Trentino Alto Adige;Legno e sughero;12;3398266;kg
2026;BZ;Trentino Alto Adige;Gomma;15;4138380;kg
2026;BZ;Trentino Alto Adige;Granulato di Conglomerato bituminoso;20;11455780;kg
2026;BZ;Trentino Alto Adige;Materiali secondari derivanti dal recupero di prodotti assorbenti per la persona;21;16810;kg
2026;BZ;Trentino Alto Adige;Altro;23;22791561;kg
2026;CA;Sardegna;Ammendante compostato verde;1;2103750;kg
2026;CA;Sardegna;Aggregati riciclati;5;257381252;kg
2026;CA;Sardegna;Rottami di ferro e acciaio;8;21941055;kg
2026;CA;Sardegna;Carta e cartone;10;7506970;kg
2026;CA;Sardegna;Plastica;11;582036;kg
2026;CA;Sardegna;Legno e sughero;12;2856;kg
2026;CA;Sardegna;Granulato di Conglomerato bituminoso;20;14110240;kg
2026;CA;Sardegna;Altro;23;8954996;kg
2026;CB;Molise;Altri Ammendanti;3;680000;kg
2026;CB;Molise;Aggregati riciclati;5;40791702;kg
2026;CB;Molise;Rottami di ferro e acciaio;8;2932054;kg
2026;CB;Molise;Carta e cartone;10;3243420;kg
2026;CB;Molise;Plastica;11;26965;kg
2026;CB;Molise;Granulato di Conglomerato bituminoso;20;72987420;kg
2026;CB;Molise;Altro;23;8495612;kg
2026;CE;Campania;Altri Ammendanti;3;673770;kg
2026;CE;Campania;Digestato;4;300000;kg
2026;CE;Campania;Aggregati riciclati;5;520894532;kg
2026;CE;Campania;Rottami di alluminio;6;4035164;kg
2026;CE;Campania;Rottami di vetro;7;620;kg
2026;CE;Campania;Rottami di ferro e acciaio;8;26926071;kg
2026;CE;Campania;Rottami di rame;9;3221684;kg
2026;CE;Campania;Carta e cartone;10;51862204;kg
2026;CE;Campania;Plastica;11;5616822;kg
2026;CE;Campania;Legno e sughero;12;996180;kg
2026;CE;Campania;CSS – combustibile;13;67895;kg
2026;CE;Campania;Tessili;14;43052844;kg
2026;CE;Campania;Gomma;15;17400;kg
2026;CE;Campania;Granulato di Conglomerato bituminoso;20;22102830;kg
2026;CE;Campania;Gomma vulcanizzata da PFU;22;653250;kg
2026;CE;Campania;Altro;23;16582812;kg
2026;CH;Abruzzo;Aggregati riciclati;5;177761503;kg
2026;CH;Abruzzo;Rottami di alluminio;6;18714;kg
2026;CH;Abruzzo;Rottami di ferro e acciaio;8;12714238;kg
2026;CH;Abruzzo;Rottami di rame;9;5588;kg
2026;CH;Abruzzo;Carta e cartone;10;22373993;kg
2026;CH;Abruzzo;Plastica;11;3607009;kg
2026;CH;Abruzzo;Legno e sughero;12;147970;kg
2026;CH;Abruzzo;Tessili;14;400;kg
2026;CH;Abruzzo;Materiali ceramici;17;1463520;kg
2026;CH;Abruzzo;Granulato di Conglomerato bituminoso;20;5942090;kg
2026;CH;Abruzzo;Altro;23;29990315;kg
2026;CI;Sardegna;Granulato di Conglomerato bituminoso;20;3750000;kg
2026;CL;Sicilia;Ammendante compostato misto;2;1500000;kg
2026;CL;Sicilia;Aggregati riciclati;5;26494668;kg
2026;CL;Sicilia;Plastica;11;8388395;kg
2026;CL;Sicilia;Altro;23;11009795;kg
2026;CN;Piemonte;Ammendante compostato verde;1;1053520;kg
2026;CN;Piemonte;Ammendante compostato misto;2;18807090;kg
2026;CN;Piemonte;Aggregati riciclati;5;369350287;kg
2026;CN;Piemonte;Rottami di alluminio;6;859731;kg
2026;CN;Piemonte;Rottami di ferro e acciaio;8;58912205;kg
2026;CN;Piemonte;Rottami di rame;9;83552;kg
2026;CN;Piemonte;Carta e cartone;10;57807217;kg
2026;CN;Piemonte;Plastica;11;41165021;kg
2026;CN;Piemonte;Legno e sughero;12;1522040;kg
2026;CN;Piemonte;Tessili;14;16708;kg
2026;CN;Piemonte;Granulato di Conglomerato bituminoso;20;58920955;kg
2026;CN;Piemonte;Altro;23;48009959;kg
2026;CO;Lombardia;Ammendante compostato verde;1;19598702;kg
2026;CO;Lombardia;Aggregati riciclati;5;167139464;kg
2026;CO;Lombardia;Rottami di alluminio;6;446176;kg
2026;CO;Lombardia;Rottami di vetro;7;54540;kg
2026;CO;Lombardia;Rottami di ferro e acciaio;8;81979744;kg
2026;CO;Lombardia;Rottami di rame;9;183787;kg
2026;CO;Lombardia;Carta e cartone;10;22830582;kg
2026;CO;Lombardia;Plastica;11;12540025;kg
2026;CO;Lombardia;Legno e sughero;12;1584810;kg
2026;CO;Lombardia;CSS – combustibile;13;4605089;kg
2026;CO;Lombardia;Tessili;14;9300;kg
2026;CO;Lombardia;Gomma;15;175973;kg
2026;CO;Lombardia;Granulato di Conglomerato bituminoso;20;30554090;kg
2026;CO;Lombardia;Gomma vulcanizzata da PFU;22;700000;kg
2026;CO;Lombardia;Altro;23;13694933;kg
2026;CR;Lombardia;Ammendante compostato verde;1;144001;kg
2026;CR;Lombardia;Aggregati riciclati;5;252262445;kg
2026;CR;Lombardia;Rottami di alluminio;6;211160;kg
2026;CR;Lombardia;Rottami di ferro e acciaio;8;27992604;kg
2026;CR;Lombardia;Rottami di rame;9;48899;kg
2026;CR;Lombardia;Carta e cartone;10;9974360;kg
2026;CR;Lombardia;Plastica;11;1802537;kg
2026;CR;Lombardia;Legno e sughero;12;3455690;kg
2026;CR;Lombardia;Tessili;14;181865;kg
2026;CR;Lombardia;Gomma;15;1552925;kg
2026;CR;Lombardia;Granulato di Conglomerato bituminoso;20;10187020;kg
2026;CR;Lombardia;Altro;23;28639882;kg
2026;CS;Calabria;Aggregati riciclati;5;155222632;kg
2026;CS;Calabria;Rottami di alluminio;6;134380;kg
2026;CS;Calabria;Rottami di ferro e acciaio;8;5623630;kg
2026;CS;Calabria;Rottami di rame;9;4000;kg
2026;CS;Calabria;Carta e cartone;10;8759030;kg
2026;CS;Calabria;Plastica;11;800;kg
2026;CS;Calabria;Tessili;14;478623;kg
2026;CS;Calabria;Granulato di Conglomerato bituminoso;20;20896081;kg
2026;CS;Calabria;Altro;23;9394134;kg
2026;CT;Sicilia;Ammendante compostato verde;1;1011900;kg
2026;CT;Sicilia;Ammendante compostato misto;2;15181038;kg
2026;CT;Sicilia;Altri Ammendanti;3;44346836;kg
2026;CT;Sicilia;Aggregati riciclati;5;264837670;kg
2026;CT;Sicilia;Rottami di alluminio;6;298463;kg
2026;CT;Sicilia;Rottami di ferro e acciaio;8;7661727;kg
2026;CT;Sicilia;Rottami di rame;9;87600;kg
2026;CT;Sicilia;Carta e cartone;10;12799740;kg
2026;CT;Sicilia;Plastica;11;2340759;kg
2026;CT;Sicilia;Granulato di Conglomerato bituminoso;20;1457230;kg
2026;CT;Sicilia;Altro;23;33755587;kg
2026;CZ;Calabria;Ammendante compostato misto;2;5085240;kg
2026;CZ;Calabria;Aggregati riciclati;5;270331419;kg
2026;CZ;Calabria;Rottami di alluminio;6;31165;kg
2026;CZ;Calabria;Rottami di vetro;7;222;kg
2026;CZ;Calabria;Rottami di ferro e acciaio;8;3295156;kg
2026;CZ;Calabria;Carta e cartone;10;7901230;kg
2026;CZ;Calabria;Plastica;11;1063645;kg
2026;CZ;Calabria;Altri Fertilizzanti;19;1017380;kg
2026;CZ;Calabria;Gomma vulcanizzata da PFU;22;3100770;kg
2026;CZ;Calabria;Altro;23;37416323;kg
2026;EN;Sicilia;Ammendante compostato misto;2;6521121;kg
2026;EN;Sicilia;Aggregati riciclati;5;130727776;kg
2026;EN;Sicilia;Carta e cartone;10;13317875;kg
2026;EN;Sicilia;Granulato di Conglomerato bituminoso;20;181110;kg
2026;FC;Emilia Romagna;Ammendante compostato misto;2;5595980;kg
2026;FC;Emilia Romagna;Altri Ammendanti;3;1512380;kg
2026;FC;Emilia Romagna;Aggregati riciclati;5;174911265;kg
2026;FC;Emilia Romagna;Rottami di alluminio;6;1368832;kg
2026;FC;Emilia Romagna;Rottami di vetro;7;293490;kg
2026;FC;Emilia Romagna;Rottami di ferro e acciaio;8;54531080;kg
2026;FC;Emilia Romagna;Rottami di rame;9;1669705;kg
2026;FC;Emilia Romagna;Carta e cartone;10;37136706;kg
2026;FC;Emilia Romagna;Plastica;11;3345168;kg
2026;FC;Emilia Romagna;Legno e sughero;12;2900142;kg
2026;FC;Emilia Romagna;Granulato di Conglomerato bituminoso;20;131573737;kg
2026;FC;Emilia Romagna;Altro;23;3073260;kg
2026;FE;Emilia Romagna;Ammendante compostato misto;2;7049170;kg
2026;FE;Emilia Romagna;Aggregati riciclati;5;118528503;kg
2026;FE;Emilia Romagna;Rottami di alluminio;6;7625600;kg
2026;FE;Emilia Romagna;Rottami di ferro e acciaio;8;22826391;kg
2026;FE;Emilia Romagna;Rottami di rame;9;7899279;kg
2026;FE;Emilia Romagna;Carta e cartone;10;18494630;kg
2026;FE;Emilia Romagna;Plastica;11;17502022;kg
2026;FE;Emilia Romagna;Legno e sughero;12;452634;kg
2026;FE;Emilia Romagna;CSS – combustibile;13;1107200;kg
2026;FE;Emilia Romagna;Granulato di Conglomerato bituminoso;20;47423503;kg
2026;FE;Emilia Romagna;Altro;23;16243370;kg
2026;FG;Puglia;Ammendante compostato misto;2;34190016;kg
2026;FG;Puglia;Altri Ammendanti;3;11927950;kg
2026;FG;Puglia;Aggregati riciclati;5;487107728;kg
2026;FG;Puglia;Rottami di alluminio;6;1040817;kg
2026;FG;Puglia;Rottami di vetro;7;71404;kg
2026;FG;Puglia;Rottami di ferro e acciaio;8;20933731;kg
2026;FG;Puglia;Rottami di rame;9;11550;kg
2026;FG;Puglia;Carta e cartone;10;40258321;kg
2026;FG;Puglia;Plastica;11;1877666;kg
2026;FG;Puglia;Tessili;14;144020;kg
2026;FG;Puglia;Gomma;15;4445500;kg
2026;FG;Puglia;Correttivi da Fanghi;18;834180;kg
2026;FG;Puglia;Altri Fertilizzanti;19;1726400;kg
2026;FG;Puglia;Granulato di Conglomerato bituminoso;20;23082530;kg
2026;FG;Puglia;Altro;23;72736534;kg
2026;FI;Toscana;Ammendante compostato misto;2;7587762;kg
2026;FI;Toscana;Aggregati riciclati;5;687626819;kg
2026;FI;Toscana;Rottami di alluminio;6;1658445;kg
2026;FI;Toscana;Rottami di vetro;7;62613133;kg
2026;FI;Toscana;Rottami di ferro e acciaio;8;13406717;kg
2026;FI;Toscana;Rottami di rame;9;133838;kg
2026;FI;Toscana;Carta e cartone;10;57502343;kg
2026;FI;Toscana;Plastica;11;1524059;kg
2026;FI;Toscana;Legno e sughero;12;62201;kg
2026;FI;Toscana;Tessili;14;17940;kg
2026;FI;Toscana;Gomma;15;13470;kg
2026;FI;Toscana;Cuoio;16;3260;kg
2026;FI;Toscana;Altri Fertilizzanti;19;1381830;kg
2026;FI;Toscana;Granulato di Conglomerato bituminoso;20;63507060;kg
2026;FI;Toscana;Altro;23;163765249;kg
2026;FM;Marche;Ammendante compostato misto;2;2580690;kg
2026;FM;Marche;Aggregati riciclati;5;900000;kg
2026;FM;Marche;Rottami di alluminio;6;237586;kg
2026;FM;Marche;Rottami di ferro e acciaio;8;6599102;kg
2026;FM;Marche;Carta e cartone;10;5074375;kg
2026;FM;Marche;Altri Fertilizzanti;19;1204635;kg
2026;FM;Marche;Granulato di Conglomerato bituminoso;20;33600000;kg
2026;FM;Marche;Gomma vulcanizzata da PFU;22;4365795;kg
2026;FM;Marche;Altro;23;17461311;kg
2026;FR;Lazio;Ammendante compostato verde;1;1252490;kg
2026;FR;Lazio;Altri Ammendanti;3;4236600;kg
2026;FR;Lazio;Aggregati riciclati;5;65270108;kg
2026;FR;Lazio;Rottami di vetro;7;132254107;kg
2026;FR;Lazio;Rottami di ferro e acciaio;8;1613718;kg
2026;FR;Lazio;Carta e cartone;10;28659428;kg
2026;FR;Lazio;Plastica;11;3645932;kg
2026;FR;Lazio;CSS – combustibile;13;93586;kg
2026;FR;Lazio;Granulato di Conglomerato bituminoso;20;13619680;kg
2026;FR;Lazio;Altro;23;4324149;kg
2026;GE;Liguria;Altri Ammendanti;3;10000;kg
2026;GE;Liguria;Aggregati riciclati;5;24889458;kg
2026;GE;Liguria;Rottami di alluminio;6;87352;kg
2026;GE;Liguria;Rottami di ferro e acciaio;8;23604856;kg
2026;GE;Liguria;Rottami di rame;9;409195;kg
2026;GE;Liguria;Carta e cartone;10;31260822;kg
2026;GE;Liguria;Legno e sughero;12;74679;kg
2026;GE;Liguria;Gomma;15;761820;kg
2026;GE;Liguria;Granulato di Conglomerato bituminoso;20;41208970;kg
2026;GE;Liguria;Altro;23;4426243;kg
2026;GO;Friuli Venezia Giulia;Ammendante compostato misto;2;1560000;kg
2026;GO;Friuli Venezia Giulia;Aggregati riciclati;5;79930670;kg
2026;GO;Friuli Venezia Giulia;Rottami di alluminio;6;284290;kg
2026;GO;Friuli Venezia Giulia;Rottami di ferro e acciaio;8;18082040;kg
2026;GO;Friuli Venezia Giulia;Rottami di rame;9;316230;kg
2026;GO;Friuli Venezia Giulia;Carta e cartone;10;3937070;kg
2026;GO;Friuli Venezia Giulia;Plastica;11;99122;kg
2026;GO;Friuli Venezia Giulia;Granulato di Conglomerato bituminoso;20;34508550;kg
2026;GO;Friuli Venezia Giulia;Altro;23;6511670;kg
2026;GR;Toscana;Altri Ammendanti;3;16993980;kg
2026;GR;Toscana;Aggregati riciclati;5;42265185;kg
2026;GR;Toscana;Rottami di alluminio;6;88161;kg
2026;GR;Toscana;Rottami di ferro e acciaio;8;6006843;kg
2026;GR;Toscana;Carta e cartone;10;4857765;kg
2026;GR;Toscana;Granulato di Conglomerato bituminoso;20;9478850;kg
2026;GR;Toscana;Altro;23;72073850;kg
2026;IM;Liguria;Ammendante compostato verde;1;2728740;kg
2026;IM;Liguria;Aggregati riciclati;5;44009700;kg
2026;IM;Liguria;Rottami di ferro e acciaio;8;2470400;kg
2026;IM;Liguria;Rottami di rame;9;5300;kg
2026;IM;Liguria;Carta e cartone;10;3596350;kg
2026;IM;Liguria;Granulato di Conglomerato bituminoso;20;11370063;kg
2026;IM;Liguria;Altro;23;1977153;kg
2026;IS;Molise;Aggregati riciclati;5;18295489;kg
2026;IS;Molise;Rottami di alluminio;6;1722266;kg
2026;IS;Molise;Rottami di ferro e acciaio;8;2580320;kg
2026;IS;Molise;Carta e cartone;10;3259432;kg
2026;IS;Molise;Plastica;11;638801;kg
2026;IS;Molise;Granulato di Conglomerato bituminoso;20;29660;kg
2026;IS;Molise;Altro;23;67940;kg
2026;KR;Calabria;Aggregati riciclati;5;29917800;kg
2026;KR;Calabria;Rottami di alluminio;6;14360;kg
2026;KR;Calabria;Rottami di ferro e acciaio;8;5634288;kg
2026;KR;Calabria;Rottami di rame;9;20030;kg
2026;KR;Calabria;Carta e cartone;10;1234940;kg
2026;KR;Calabria;Plastica;11;465721;kg
2026;KR;Calabria;Altri Fertilizzanti;19;1313881;kg
2026;KR;Calabria;Altro;23;238000;kg
2026;LC;Lombardia;Ammendante compostato misto;2;1880000;kg
2026;LC;Lombardia;Aggregati riciclati;5;138399640;kg
2026;LC;Lombardia;Rottami di alluminio;6;1282970;kg
2026;LC;Lombardia;Rottami di ferro e acciaio;8;123707477;kg
2026;LC;Lombardia;Rottami di rame;9;199063;kg
2026;LC;Lombardia;Carta e cartone;10;16826380;kg
2026;LC;Lombardia;Plastica;11;440686;kg
2026;LC;Lombardia;Legno e sughero;12;11091070;kg
2026;LC;Lombardia;Tessili;14;526164;kg
2026;LC;Lombardia;Granulato di Conglomerato bituminoso;20;6083800;kg
2026;LC;Lombardia;Altro;23;2665195;kg
2026;LE;Puglia;Ammendante compostato verde;1;487505;kg
2026;LE;Puglia;Ammendante compostato misto;2;11200;kg
2026;LE;Puglia;Altri Ammendanti;3;685000;kg
2026;LE;Puglia;Digestato;4;237600;kg
2026;LE;Puglia;Aggregati riciclati;5;383644582;kg
2026;LE;Puglia;Rottami di alluminio;6;1125343;kg
2026;LE;Puglia;Rottami di vetro;7;291380;kg
2026;LE;Puglia;Rottami di ferro e acciaio;8;55946837;kg
2026;LE;Puglia;Rottami di rame;9;770;kg
2026;LE;Puglia;Carta e cartone;10;53084178;kg
2026;LE;Puglia;Plastica;11;219502;kg
2026;LE;Puglia;Legno e sughero;12;1168740;kg
2026;LE;Puglia;Tessili;14;121870;kg
2026;LE;Puglia;Granulato di Conglomerato bituminoso;20;6694850;kg
2026;LE;Puglia;Materiali secondari derivanti dal recupero di prodotti assorbenti per la persona;21;0;kg
2026;LE;Puglia;Altro;23;42873800;kg
2026;LI;Toscana;Ammendante compostato verde;1;1048950;kg
2026;LI;Toscana;Aggregati riciclati;5;268952967;kg
2026;LI;Toscana;Rottami di alluminio;6;17560;kg
2026;LI;Toscana;Rottami di ferro e acciaio;8;5729377;kg
2026;LI;Toscana;Carta e cartone;10;9806110;kg
2026;LI;Toscana;Materiali ceramici;17;6012900;kg
2026;LI;Toscana;Granulato di Conglomerato bituminoso;20;4335441;kg
2026;LI;Toscana;Altro;23;55359114;kg
2026;LO;Lombardia;Aggregati riciclati;5;260087527;kg
2026;LO;Lombardia;Rottami di alluminio;6;407102;kg
2026;LO;Lombardia;Rottami di ferro e acciaio;8;20075570;kg
2026;LO;Lombardia;Rottami di rame;9;144997;kg
2026;LO;Lombardia;Carta e cartone;10;8165590;kg
2026;LO;Lombardia;Correttivi da Fanghi;18;56942660;kg
2026;LO;Lombardia;Granulato di Conglomerato bituminoso;20;2903860;kg
2026;LO;Lombardia;Altro;23;91248900;kg
2026;LT;Lazio;Aggregati riciclati;5;99927972;kg
2026;LT;Lazio;Rottami di alluminio;6;6711302;kg
2026;LT;Lazio;Rottami di ferro e acciaio;8;5007123;kg
2026;LT;Lazio;Rottami di rame;9;9770;kg
2026;LT;Lazio;Carta e cartone;10;1130880;kg
2026;LT;Lazio;Plastica;11;1590240;kg
2026;LT;Lazio;Granulato di Conglomerato bituminoso;20;29107260;kg
2026;LT;Lazio;Gomma vulcanizzata da PFU;22;645482;kg
2026;LT;Lazio;Altro;23;44903664;kg
2026;LU;Toscana;Aggregati riciclati;5;259774283;kg
2026;LU;Toscana;Rottami di alluminio;6;62423;kg
2026;LU;Toscana;Rottami di ferro e acciaio;8;10048047;kg
2026;LU;Toscana;Rottami di rame;9;5442606;kg
2026;LU;Toscana;Carta e cartone;10;46022164;kg
2026;LU;Toscana;Plastica;11;2252336;kg
2026;LU;Toscana;Legno e sughero;12;157771;kg
2026;LU;Toscana;Tessili;14;119950;kg
2026;LU;Toscana;Granulato di Conglomerato bituminoso;20;35822956;kg
2026;LU;Toscana;Altro;23;11523569;kg
2026;MB;Lombardia;Aggregati riciclati;5;441527732;kg
2026;MB;Lombardia;Rottami di alluminio;6;4708030;kg
2026;MB;Lombardia;Rottami di ferro e acciaio;8;48082975;kg
2026;MB;Lombardia;Rottami di rame;9;628292;kg
2026;MB;Lombardia;Carta e cartone;10;55902060;kg
2026;MB;Lombardia;Plastica;11;2097114;kg
2026;MB;Lombardia;Legno e sughero;12;3859748;kg
2026;MB;Lombardia;Tessili;14;23011;kg
2026;MB;Lombardia;Granulato di Conglomerato bituminoso;20;21213270;kg
2026;MB;Lombardia;Altro;23;26337613;kg
2026;MC;Marche;Ammendante compostato verde;1;23300;kg
2026;MC;Marche;Ammendante compostato misto;2;286000;kg
2026;MC;Marche;Aggregati riciclati;5;220441708;kg
2026;MC;Marche;Rottami di alluminio;6;1981546;kg
2026;MC;Marche;Rottami di ferro e acciaio;8;21301644;kg
2026;MC;Marche;Rottami di rame;9;1938439;kg
2026;MC;Marche;Carta e cartone;10;6585265;kg
2026;MC;Marche;Plastica;11;2996261;kg
2026;MC;Marche;Legno e sughero;12;127170;kg
2026;MC;Marche;Tessili;14;1485740;kg
2026;MC;Marche;Gomma;15;42030;kg
2026;MC;Marche;Altro;23;14842027;kg
2026;ME;Sicilia;Altri Ammendanti;3;162620;kg
2026;ME;Sicilia;Aggregati riciclati;5;75196576;kg
2026;ME;Sicilia;Carta e cartone;10;11972409;kg
2026;ME;Sicilia;Plastica;11;17976;kg
2026;ME;Sicilia;Tessili;14;654080;kg
2026;ME;Sicilia;Materiali ceramici;17;33290;kg
2026;ME;Sicilia;Granulato di Conglomerato bituminoso;20;13475330;kg
2026;ME;Sicilia;Altro;23;377630;kg
2026;MI;Lombardia;Ammendante compostato verde;1;9053789;kg
2026;MI;Lombardia;Ammendante compostato misto;2;13728860;kg
2026;MI;Lombardia;Aggregati riciclati;5;1226798345;kg
2026;MI;Lombardia;Rottami di alluminio;6;3822474;kg
2026;MI;Lombardia;Rottami di vetro;7;14013760;kg
2026;MI;Lombardia;Rottami di ferro e acciaio;8;262054243;kg
2026;MI;Lombardia;Rottami di rame;9;5883525;kg
2026;MI;Lombardia;Carta e cartone;10;327674230;kg
2026;MI;Lombardia;Plastica;11;20227172;kg
2026;MI;Lombardia;Legno e sughero;12;5445240;kg
2026;MI;Lombardia;CSS – combustibile;13;10079657;kg
2026;MI;Lombardia;Tessili;14;2903262;kg
2026;MI;Lombardia;Granulato di Conglomerato bituminoso;20;109815410;kg
2026;MI;Lombardia;Gomma vulcanizzata da PFU;22;157;kg
2026;MI;Lombardia;Altro;23;108796772;kg
2026;MN;Lombardia;Ammendante compostato verde;1;541700;kg
2026;MN;Lombardia;Altri Ammendanti;3;20060000;kg
2026;MN;Lombardia;Aggregati riciclati;5;292778099;kg
2026;MN;Lombardia;Rottami di alluminio;6;340260;kg
2026;MN;Lombardia;Rottami di ferro e acciaio;8;7577087;kg
2026;MN;Lombardia;Rottami di rame;9;20300;kg
2026;MN;Lombardia;Carta e cartone;10;32493420;kg
2026;MN;Lombardia;Plastica;11;4504021;kg
2026;MN;Lombardia;Legno e sughero;12;3244500;kg
2026;MN;Lombardia;CSS – combustibile;13;750000;kg
2026;MN;Lombardia;Tessili;14;887903;kg
2026;MN;Lombardia;Altri Fertilizzanti;19;17199140;kg
2026;MN;Lombardia;Granulato di Conglomerato bituminoso;20;19454200;kg
2026;MN;Lombardia;Altro;23;57371351;kg
2026;MO;Emilia Romagna;Ammendante compostato verde;1;412380;kg
2026;MO;Emilia Romagna;Ammendante compostato misto;2;5267840;kg
2026;MO;Emilia Romagna;Altri Ammendanti;3;3250000;kg
2026;MO;Emilia Romagna;Aggregati riciclati;5;386003138;kg
2026;MO;Emilia Romagna;Rottami di alluminio;6;531713;kg
2026;MO;Emilia Romagna;Rottami di vetro;7;81641992;kg
2026;MO;Emilia Romagna;Rottami di ferro e acciaio;8;69067115;kg
2026;MO;Emilia Romagna;Rottami di rame;9;111703;kg
2026;MO;Emilia Romagna;Carta e cartone;10;45730454;kg
2026;MO;Emilia Romagna;Plastica;11;2210019;kg
2026;MO;Emilia Romagna;CSS – combustibile;13;7350000;kg
2026;MO;Emilia Romagna;Cuoio;16;29360;kg
2026;MO;Emilia Romagna;Materiali ceramici;17;105799600;kg
2026;MO;Emilia Romagna;Granulato di Conglomerato bituminoso;20;129017186;kg
2026;MO;Emilia Romagna;Altro;23;101183222;kg
2026;MS;Toscana;Aggregati riciclati;5;37748575;kg
2026;MS;Toscana;Rottami di alluminio;6;3040;kg
2026;MS;Toscana;Rottami di ferro e acciaio;8;1055630;kg
2026;MS;Toscana;Rottami di rame;9;1166;kg
2026;MS;Toscana;Carta e cartone;10;990479;kg
2026;MS;Toscana;Granulato di Conglomerato bituminoso;20;4459360;kg
2026;MS;Toscana;Altro;23;14308287;kg
2026;MT;Basilicata;Aggregati riciclati;5;97072976;kg
2026;MT;Basilicata;Rottami di alluminio;6;82260;kg
2026;MT;Basilicata;Rottami di ferro e acciaio;8;6779677;kg
2026;MT;Basilicata;Rottami di rame;9;1399;kg
2026;MT;Basilicata;Carta e cartone;10;18455140;kg
2026;MT;Basilicata;Plastica;11;9639310;kg
2026;MT;Basilicata;CSS – combustibile;13;4400000;kg
2026;MT;Basilicata;Granulato di Conglomerato bituminoso;20;26104790;kg
2026;MT;Basilicata;Altro;23;1451051;kg
2026;NA;Campania;Ammendante compostato misto;2;55267288;kg
2026;NA;Campania;Aggregati riciclati;5;1113414106;kg
2026;NA;Campania;Rottami di alluminio;6;1890269;kg
2026;NA;Campania;Rottami di vetro;7;223220;kg
2026;NA;Campania;Rottami di ferro e acciaio;8;26278501;kg
2026;NA;Campania;Rottami di rame;9;879367;kg
2026;NA;Campania;Carta e cartone;10;82292408;kg
2026;NA;Campania;Plastica;11;10292881;kg
2026;NA;Campania;Tessili;14;13737500;kg
2026;NA;Campania;Cuoio;16;20000;kg
2026;NA;Campania;Materiali ceramici;17;2406170;kg
2026;NA;Campania;Granulato di Conglomerato bituminoso;20;248840;kg
2026;NA;Campania;Gomma vulcanizzata da PFU;22;165490;kg
2026;NA;Campania;Altro;23;35631361;kg
2026;NO;Piemonte;Ammendante compostato verde;1;3824680;kg
2026;NO;Piemonte;Altri Ammendanti;3;15000000;kg
2026;NO;Piemonte;Aggregati riciclati;5;213700953;kg
2026;NO;Piemonte;Rottami di alluminio;6;2145075;kg
2026;NO;Piemonte;Rottami di ferro e acciaio;8;9645245;kg
2026;NO;Piemonte;Rottami di rame;9;3350;kg
2026;NO;Piemonte;Carta e cartone;10;4526210;kg
2026;NO;Piemonte;Plastica;11;12082946;kg
2026;NO;Piemonte;Granulato di Conglomerato bituminoso;20;32014426;kg
2026;NO;Piemonte;Altro;23;87988655;kg
2026;NU;Sardegna;Ammendante compostato misto;2;2303210;kg
2026;NU;Sardegna;Rottami di alluminio;6;29520;kg
2026;NU;Sardegna;Rottami di ferro e acciaio;8;295628;kg
2026;NU;Sardegna;Carta e cartone;10;8991070;kg
2026;NU;Sardegna;Plastica;11;9580;kg
2026;NU;Sardegna;Granulato di Conglomerato bituminoso;20;1900910;kg
2026;OG;Sardegna;Ammendante compostato misto;2;1083030;kg
2026;OR;Sardegna;Ammendante compostato misto;2;5172960;kg
2026;OR;Sardegna;Aggregati riciclati;5;57277700;kg
2026;OR;Sardegna;Rottami di ferro e acciaio;8;1042500;kg
2026;OR;Sardegna;Carta e cartone;10;1740;kg
2026;OR;Sardegna;Plastica;11;916000;kg
2026;OR;Sardegna;Granulato di Conglomerato bituminoso;20;1100000;kg
2026;OR;Sardegna;Altro;23;2257495;kg
2026;OT;Sardegna;Aggregati riciclati;5;3503315;kg
2026;PA;Sicilia;Aggregati riciclati;5;557292410;kg
2026;PA;Sicilia;Rottami di alluminio;6;982676;kg
2026;PA;Sicilia;Rottami di ferro e acciaio;8;9205606;kg
2026;PA;Sicilia;Carta e cartone;10;14735834;kg
2026;PA;Sicilia;Plastica;11;153153;kg
2026;PA;Sicilia;Gomma;15;1914300;kg
2026;PA;Sicilia;Granulato di Conglomerato bituminoso;20;53038660;kg
2026;PA;Sicilia;Gomma vulcanizzata da PFU;22;2415272;kg
2026;PA;Sicilia;Altro;23;6624032;kg
2026;PC;Emilia Romagna;Ammendante compostato verde;1;2288740;kg
2026;PC;Emilia Romagna;Ammendante compostato misto;2;5342310;kg
2026;PC;Emilia Romagna;Aggregati riciclati;5;111058020;kg
2026;PC;Emilia Romagna;Rottami di alluminio;6;440557;kg
2026;PC;Emilia Romagna;Rottami di ferro e acciaio;8;16418744;kg
2026;PC;Emilia Romagna;Rottami di rame;9;5330;kg
2026;PC;Emilia Romagna;Carta e cartone;10;14675580;kg
2026;PC;Emilia Romagna;Plastica;11;3728499;kg
2026;PC;Emilia Romagna;Legno e sughero;12;233961830;kg
2026;PC;Emilia Romagna;Correttivi da Fanghi;18;23386820;kg
2026;PC;Emilia Romagna;Granulato di Conglomerato bituminoso;20;45463520;kg
2026;PC;Emilia Romagna;Altro;23;13282;kg
2026;PD;Veneto;Ammendante compostato misto;2;16415920;kg
2026;PD;Veneto;Aggregati riciclati;5;378887812;kg
2026;PD;Veneto;Rottami di alluminio;6;5699067;kg
2026;PD;Veneto;Rottami di ferro e acciaio;8;273072219;kg
2026;PD;Veneto;Rottami di rame;9;3935545;kg
2026;PD;Veneto;Carta e cartone;10;57168810;kg
2026;PD;Veneto;Plastica;11;15572018;kg
2026;PD;Veneto;Legno e sughero;12;458847;kg
2026;PD;Veneto;Tessili;14;545835;kg
2026;PD;Veneto;Gomma;15;220150;kg
2026;PD;Veneto;Granulato di Conglomerato bituminoso;20;95812850;kg
2026;PD;Veneto;Altro;23;127929447;kg
2026;PE;Abruzzo;Aggregati riciclati;5;101872288;kg
2026;PE;Abruzzo;Rottami di alluminio;6;58920;kg
2026;PE;Abruzzo;Rottami di vetro;7;770;kg
2026;PE;Abruzzo;Rottami di ferro e acciaio;8;10706240;kg
2026;PE;Abruzzo;Rottami di rame;9;10370;kg
2026;PE;Abruzzo;Carta e cartone;10;5743804;kg
2026;PE;Abruzzo;Plastica;11;14694;kg
2026;PE;Abruzzo;Tessili;14;250;kg
2026;PE;Abruzzo;Gomma;15;1100;kg
2026;PE;Abruzzo;Granulato di Conglomerato bituminoso;20;21653890;kg
2026;PE;Abruzzo;Gomma vulcanizzata da PFU;22;450;kg
2026;PE;Abruzzo;Altro;23;145451;kg
2026;PG;Umbria;Ammendante compostato verde;1;990546;kg
2026;PG;Umbria;Ammendante compostato misto;2;5814900;kg
2026;PG;Umbria;Aggregati riciclati;5;271402425;kg
2026;PG;Umbria;Rottami di alluminio;6;234502;kg
2026;PG;Umbria;Rottami di vetro;7;100561756;kg
2026;PG;Umbria;Rottami di ferro e acciaio;8;58704653;kg
2026;PG;Umbria;Rottami di rame;9;566859;kg
2026;PG;Umbria;Carta e cartone;10;41959958;kg
2026;PG;Umbria;Plastica;11;25154790;kg
2026;PG;Umbria;Tessili;14;2157123;kg
2026;PG;Umbria;Granulato di Conglomerato bituminoso;20;57053343;kg
2026;PG;Umbria;Altro;23;20921042;kg
2026;PI;Toscana;Ammendante compostato misto;2;838816;kg
2026;PI;Toscana;Aggregati riciclati;5;48351124;kg
2026;PI;Toscana;Rottami di alluminio;6;3811556;kg
2026;PI;Toscana;Rottami di ferro e acciaio;8;141670801;kg
2026;PI;Toscana;Rottami di rame;9;85970;kg
2026;PI;Toscana;Carta e cartone;10;1355701;kg
2026;PI;Toscana;Plastica;11;1393570;kg
2026;PI;Toscana;Legno e sughero;12;8576132;kg
2026;PI;Toscana;Altri Fertilizzanti;19;10393170;kg
2026;PI;Toscana;Granulato di Conglomerato bituminoso;20;28595239;kg
2026;PI;Toscana;Altro;23;51160651;kg
2026;PN;Friuli Venezia Giulia;Ammendante compostato verde;1;5720292;kg
2026;PN;Friuli Venezia Giulia;Ammendante compostato misto;2;19900000;kg
2026;PN;Friuli Venezia Giulia;Aggregati riciclati;5;387777526;kg
2026;PN;Friuli Venezia Giulia;Rottami di alluminio;6;239664;kg
2026;PN;Friuli Venezia Giulia;Rottami di vetro;7;85010898;kg
2026;PN;Friuli Venezia Giulia;Rottami di ferro e acciaio;8;20386413;kg
2026;PN;Friuli Venezia Giulia;Rottami di rame;9;65237;kg
2026;PN;Friuli Venezia Giulia;Carta e cartone;10;14771630;kg
2026;PN;Friuli Venezia Giulia;Plastica;11;1810838;kg
2026;PN;Friuli Venezia Giulia;Legno e sughero;12;3628392;kg
2026;PN;Friuli Venezia Giulia;Tessili;14;54735;kg
2026;PN;Friuli Venezia Giulia;Granulato di Conglomerato bituminoso;20;66459960;kg
2026;PN;Friuli Venezia Giulia;Altro;23;57734673;kg
2026;PO;Toscana;Aggregati riciclati;5;292931000;kg
2026;PO;Toscana;Rottami di alluminio;6;18600;kg
2026;PO;Toscana;Rottami di ferro e acciaio;8;7002175;kg
2026;PO;Toscana;Carta e cartone;10;34796140;kg
2026;PO;Toscana;Plastica;11;250231;kg
2026;PO;Toscana;Tessili;14;12270888;kg
2026;PO;Toscana;Altro;23;5271893;kg
2026;PR;Emilia Romagna;Ammendante compostato misto;2;53591;kg
2026;PR;Emilia Romagna;Aggregati riciclati;5;134983347;kg
2026;PR;Emilia Romagna;Rottami di alluminio;6;399560;kg
2026;PR;Emilia Romagna;Rottami di vetro;7;179150;kg
2026;PR;Emilia Romagna;Rottami di ferro e acciaio;8;72741007;kg
2026;PR;Emilia Romagna;Rottami di rame;9;129745;kg
2026;PR;Emilia Romagna;Carta e cartone;10;48290990;kg
2026;PR;Emilia Romagna;Plastica;11;4367591;kg
2026;PR;Emilia Romagna;Legno e sughero;12;345655;kg
2026;PR;Emilia Romagna;Tessili;14;339860;kg
2026;PR;Emilia Romagna;Gomma;15;2040;kg
2026;PR;Emilia Romagna;Granulato di Conglomerato bituminoso;20;23890860;kg
2026;PR;Emilia Romagna;Altro;23;7062497;kg
2026;PT;Toscana;Aggregati riciclati;5;117729405;kg
2026;PT;Toscana;Rottami di alluminio;6;6430;kg
2026;PT;Toscana;Rottami di ferro e acciaio;8;5008490;kg
2026;PT;Toscana;Carta e cartone;10;12915121;kg
2026;PT;Toscana;Plastica;11;481642;kg
2026;PT;Toscana;Legno e sughero;12;340009;kg
2026;PT;Toscana;Tessili;14;145;kg
2026;PT;Toscana;Granulato di Conglomerato bituminoso;20;60090994;kg
2026;PT;Toscana;Altro;23;33980;kg
2026;PU;Marche;Ammendante compostato verde;1;1315860;kg
2026;PU;Marche;Aggregati riciclati;5;43208783;kg
2026;PU;Marche;Rottami di alluminio;6;1409757;kg
2026;PU;Marche;Rottami di vetro;7;11272640;kg
2026;PU;Marche;Rottami di ferro e acciaio;8;26213581;kg
2026;PU;Marche;Rottami di rame;9;10054;kg
2026;PU;Marche;Carta e cartone;10;9617150;kg
2026;PU;Marche;Plastica;11;238022;kg
2026;PU;Marche;Legno e sughero;12;905700;kg
2026;PU;Marche;Altro;23;3904022;kg
2026;PV;Lombardia;Ammendante compostato verde;1;2910000;kg
2026;PV;Lombardia;Ammendante compostato misto;2;979900;kg
2026;PV;Lombardia;Altri Ammendanti;3;43513985;kg
2026;PV;Lombardia;Aggregati riciclati;5;653939625;kg
2026;PV;Lombardia;Rottami di alluminio;6;381705;kg
2026;PV;Lombardia;Rottami di ferro e acciaio;8;13605057;kg
2026;PV;Lombardia;Rottami di rame;9;60095;kg
2026;PV;Lombardia;Carta e cartone;10;5394322;kg
2026;PV;Lombardia;Plastica;11;21368545;kg
2026;PV;Lombardia;Legno e sughero;12;1518826;kg
2026;PV;Lombardia;Cuoio;16;388210;kg
2026;PV;Lombardia;Correttivi da Fanghi;18;145723050;kg
2026;PV;Lombardia;Altri Fertilizzanti;19;5060000;kg
2026;PV;Lombardia;Granulato di Conglomerato bituminoso;20;39657600;kg
2026;PV;Lombardia;Altro;23;127562750;kg
2026;PZ;Basilicata;Aggregati riciclati;5;89361717;kg
2026;PZ;Basilicata;Rottami di alluminio;6;2059902;kg
2026;PZ;Basilicata;Rottami di vetro;7;900;kg
2026;PZ;Basilicata;Rottami di ferro e acciaio;8;185450666;kg
2026;PZ;Basilicata;Carta e cartone;10;3231889;kg
2026;PZ;Basilicata;Plastica;11;1663129;kg
2026;PZ;Basilicata;Legno e sughero;12;100;kg
2026;PZ;Basilicata;CSS – combustibile;13;7428591;kg
2026;PZ;Basilicata;Gomma;15;1370;kg
2026;PZ;Basilicata;Granulato di Conglomerato bituminoso;20;15022970;kg
2026;PZ;Basilicata;Gomma vulcanizzata da PFU;22;6509810;kg
2026;PZ;Basilicata;Altro;23;93309;kg
2026;RA;Emilia Romagna;Ammendante compostato verde;1;6080400;kg
2026;RA;Emilia Romagna;Ammendante compostato misto;2;4337900;kg
2026;RA;Emilia Romagna;Altri Ammendanti;3;18675200;kg
2026;RA;Emilia Romagna;Aggregati riciclati;5;163441346;kg
2026;RA;Emilia Romagna;Rottami di alluminio;6;11890;kg
2026;RA;Emilia Romagna;Rottami di ferro e acciaio;8;27256704;kg
2026;RA;Emilia Romagna;Rottami di rame;9;1794703;kg
2026;RA;Emilia Romagna;Carta e cartone;10;20347500;kg
2026;RA;Emilia Romagna;Plastica;11;1102376;kg
2026;RA;Emilia Romagna;CSS – combustibile;13;14376200;kg
2026;RA;Emilia Romagna;Gomma;15;157260;kg
2026;RA;Emilia Romagna;Correttivi da Fanghi;18;43829380;kg
2026;RA;Emilia Romagna;Granulato di Conglomerato bituminoso;20;2473840;kg
2026;RA;Emilia Romagna;Gomma vulcanizzata da PFU;22;325000;kg
2026;RA;Emilia Romagna;Altro;23;71320208;kg
2026;RC;Calabria;Ammendante compostato verde;1;52810;kg
2026;RC;Calabria;Ammendante compostato misto;2;11631401;kg
2026;RC;Calabria;Altri Ammendanti;3;23350;kg
2026;RC;Calabria;Aggregati riciclati;5;95213472;kg
2026;RC;Calabria;Rottami di ferro e acciaio;8;319000;kg
2026;RC;Calabria;Carta e cartone;10;2227367;kg
2026;RC;Calabria;Plastica;11;10750;kg
2026;RC;Calabria;Legno e sughero;12;5250;kg
2026;RC;Calabria;Altro;23;376015;kg
2026;RE;Emilia Romagna;Ammendante compostato misto;2;5777800;kg
2026;RE;Emilia Romagna;Altri Ammendanti;3;17386250;kg
2026;RE;Emilia Romagna;Aggregati riciclati;5;121482581;kg
2026;RE;Emilia Romagna;Rottami di alluminio;6;609055;kg
2026;RE;Emilia Romagna;Rottami di vetro;7;2520;kg
2026;RE;Emilia Romagna;Rottami di ferro e acciaio;8;36617913;kg
2026;RE;Emilia Romagna;Rottami di rame;9;40175;kg
2026;RE;Emilia Romagna;Carta e cartone;10;15067565;kg
2026;RE;Emilia Romagna;Plastica;11;2623329;kg
2026;RE;Emilia Romagna;Legno e sughero;12;29835230;kg
2026;RE;Emilia Romagna;Tessili;14;768875;kg
2026;RE;Emilia Romagna;Materiali ceramici;17;11997490;kg
2026;RE;Emilia Romagna;Correttivi da Fanghi;18;2231810;kg
2026;RE;Emilia Romagna;Granulato di Conglomerato bituminoso;20;3804960;kg
2026;RE;Emilia Romagna;Altro;23;11513927;kg
2026;RG;Sicilia;Ammendante compostato misto;2;1981965;kg
2026;RG;Sicilia;Altri Ammendanti;3;125950;kg
2026;RG;Sicilia;Aggregati riciclati;5;111359249;kg
2026;RG;Sicilia;Rottami di alluminio;6;111210;kg
2026;RG;Sicilia;Rottami di ferro e acciaio;8;57231;kg
2026;RG;Sicilia;Carta e cartone;10;379790;kg
2026;RG;Sicilia;Plastica;11;20530876;kg
2026;RG;Sicilia;Legno e sughero;12;2700;kg
2026;RG;Sicilia;Granulato di Conglomerato bituminoso;20;4240385;kg
2026;RG;Sicilia;Altro;23;456382;kg
2026;RI;Lazio;Aggregati riciclati;5;71285042;kg
2026;RI;Lazio;Altro;23;6753118;kg
2026;RM;Lazio;Ammendante compostato verde;1;4358590;kg
2026;RM;Lazio;Ammendante compostato misto;2;2280710;kg
2026;RM;Lazio;Aggregati riciclati;5;163275974;kg
2026;RM;Lazio;Rottami di alluminio;6;7730477;kg
2026;RM;Lazio;Rottami di ferro e acciaio;8;104979780;kg
2026;RM;Lazio;Rottami di rame;9;1393749;kg
2026;RM;Lazio;Carta e cartone;10;150890025;kg
2026;RM;Lazio;Plastica;11;2412343;kg
2026;RM;Lazio;Legno e sughero;12;74060;kg
2026;RM;Lazio;CSS – combustibile;13;12910360;kg
2026;RM;Lazio;Tessili;14;664427;kg
2026;RM;Lazio;Granulato di Conglomerato bituminoso;20;243409422;kg
2026;RM;Lazio;Altro;23;20176190;kg
2026;RN;Emilia Romagna;Ammendante compostato misto;2;1924960;kg
2026;RN;Emilia Romagna;Aggregati riciclati;5;335803913;kg
2026;RN;Emilia Romagna;Rottami di alluminio;6;834103;kg
2026;RN;Emilia Romagna;Rottami di ferro e acciaio;8;20408630;kg
2026;RN;Emilia Romagna;Rottami di rame;9;76775;kg
2026;RN;Emilia Romagna;Carta e cartone;10;16166390;kg
2026;RN;Emilia Romagna;Plastica;11;87373;kg
2026;RN;Emilia Romagna;CSS – combustibile;13;633100;kg
2026;RN;Emilia Romagna;Granulato di Conglomerato bituminoso;20;48527752;kg
2026;RN;Emilia Romagna;Altro;23;13463486;kg
2026;RO;Veneto;Aggregati riciclati;5;118780930;kg
2026;RO;Veneto;Rottami di alluminio;6;15940;kg
2026;RO;Veneto;Rottami di vetro;7;138700;kg
2026;RO;Veneto;Rottami di ferro e acciaio;8;5441895;kg
2026;RO;Veneto;Rottami di rame;9;20574;kg
2026;RO;Veneto;Carta e cartone;10;20529340;kg
2026;RO;Veneto;Plastica;11;14143881;kg
2026;RO;Veneto;Granulato di Conglomerato bituminoso;20;72651230;kg
2026;SA;Campania;Aggregati riciclati;5;599191679;kg
2026;SA;Campania;Rottami di alluminio;6;1192171;kg
2026;SA;Campania;Rottami di vetro;7;7865440;kg
2026;SA;Campania;Rottami di ferro e acciaio;8;76320598;kg
2026;SA;Campania;Rottami di rame;9;364720;kg
2026;SA;Campania;Carta e cartone;10;83584247;kg
2026;SA;Campania;Plastica;11;14259281;kg
2026;SA;Campania;Legno e sughero;12;385590;kg
2026;SA;Campania;CSS – combustibile;13;9810000;kg
2026;SA;Campania;Tessili;14;78337;kg
2026;SA;Campania;Granulato di Conglomerato bituminoso;20;10818740;kg
2026;SA;Campania;Gomma vulcanizzata da PFU;22;272557;kg
2026;SA;Campania;Altro;23;24392435;kg
2026;SI;Toscana;Ammendante compostato misto;2;3414707;kg
2026;SI;Toscana;Aggregati riciclati;5;181402901;kg
2026;SI;Toscana;Rottami di alluminio;6;65323;kg
2026;SI;Toscana;Rottami di ferro e acciaio;8;5422221;kg
2026;SI;Toscana;Rottami di rame;9;36000;kg
2026;SI;Toscana;Carta e cartone;10;9962721;kg
2026;SI;Toscana;Plastica;11;21910;kg
2026;SI;Toscana;Granulato di Conglomerato bituminoso;20;4000000;kg
2026;SI;Toscana;Altro;23;1354740;kg
2026;SO;Lombardia;Aggregati riciclati;5;162228916;kg
2026;SO;Lombardia;Rottami di ferro e acciaio;8;3922771;kg
2026;SO;Lombardia;Carta e cartone;10;1518390;kg
2026;SO;Lombardia;Plastica;11;400;kg
2026;SO;Lombardia;Legno e sughero;12;9200;kg
2026;SO;Lombardia;Granulato di Conglomerato bituminoso;20;31083589;kg
2026;SO;Lombardia;Altro;23;49298343;kg
2026;SP;Liguria;Aggregati riciclati;5;238559905;kg
2026;SP;Liguria;Rottami di alluminio;6;19430;kg
2026;SP;Liguria;Rottami di ferro e acciaio;8;10979138;kg
2026;SP;Liguria;Rottami di rame;9;14820;kg
2026;SP;Liguria;Carta e cartone;10;6531163;kg
2026;SP;Liguria;Legno e sughero;12;1550;kg
2026;SP;Liguria;Altro;23;30317;kg
2026;SR;Sicilia;Altri Ammendanti;3;14392177;kg
2026;SR;Sicilia;Aggregati riciclati;5;67823430;kg
2026;SR;Sicilia;Rottami di alluminio;6;85720;kg
2026;SR;Sicilia;Rottami di ferro e acciaio;8;22350620;kg
2026;SR;Sicilia;Rottami di rame;9;8384;kg
2026;SR;Sicilia;Carta e cartone;10;14474760;kg
2026;SR;Sicilia;Plastica;11;248003;kg
2026;SR;Sicilia;Altro;23;6172380;kg
2026;SS;Sardegna;Ammendante compostato verde;1;607520;kg
2026;SS;Sardegna;Ammendante compostato misto;2;2512470;kg
2026;SS;Sardegna;Aggregati riciclati;5;47342580;kg
2026;SS;Sardegna;Rottami di alluminio;6;50870;kg
2026;SS;Sardegna;Rottami di ferro e acciaio;8;6516281;kg
2026;SS;Sardegna;Rottami di rame;9;31840;kg
2026;SS;Sardegna;Carta e cartone;10;15410270;kg
2026;SS;Sardegna;Plastica;11;680;kg
2026;SS;Sardegna;Legno e sughero;12;240780;kg
2026;SS;Sardegna;Granulato di Conglomerato bituminoso;20;1405740;kg
2026;SS;Sardegna;Altro;23;5714616;kg
2026;SU;Sardegna;Ammendante compostato verde;1;116387;kg
2026;SU;Sardegna;Ammendante compostato misto;2;12795260;kg
2026;SU;Sardegna;Aggregati riciclati;5;55574667;kg
2026;SU;Sardegna;Rottami di ferro e acciaio;8;1613933;kg
2026;SU;Sardegna;Carta e cartone;10;15641200;kg
2026;SU;Sardegna;Granulato di Conglomerato bituminoso;20;1673040;kg
2026;SU;Sardegna;Altro;23;1704817;kg
2026;SV;Liguria;Ammendante compostato verde;1;2012160;kg
2026;SV;Liguria;Ammendante compostato misto;2;1808190;kg
2026;SV;Liguria;Aggregati riciclati;5;23066292;kg
2026;SV;Liguria;Rottami di alluminio;6;1174636;kg
2026;SV;Liguria;Rottami di vetro;7;100526479;kg
2026;SV;Liguria;Rottami di ferro e acciaio;8;19185781;kg
2026;SV;Liguria;Rottami di rame;9;4555;kg
2026;SV;Liguria;Carta e cartone;10;15730621;kg
2026;SV;Liguria;Legno e sughero;12;884958;kg
2026;SV;Liguria;Granulato di Conglomerato bituminoso;20;5636912;kg
2026;SV;Liguria;Altro;23;50418444;kg
2026;TA;Puglia;Ammendante compostato misto;2;7955380;kg
2026;TA;Puglia;Altri Ammendanti;3;7850000;kg
2026;TA;Puglia;Aggregati riciclati;5;134926679;kg
2026;TA;Puglia;Rottami di alluminio;6;96860;kg
2026;TA;Puglia;Rottami di ferro e acciaio;8;13236544;kg
2026;TA;Puglia;Rottami di rame;9;19990;kg
2026;TA;Puglia;Carta e cartone;10;17598533;kg
2026;TA;Puglia;Plastica;11;20942427;kg
2026;TA;Puglia;CSS – combustibile;13;7460080;kg
2026;TA;Puglia;Tessili;14;35360;kg
2026;TA;Puglia;Granulato di Conglomerato bituminoso;20;4184170;kg
2026;TA;Puglia;Altro;23;1992381;kg
2026;TE;Abruzzo;Ammendante compostato misto;2;1111475;kg
2026;TE;Abruzzo;Aggregati riciclati;5;128708995;kg
2026;TE;Abruzzo;Rottami di alluminio;6;1060145;kg
2026;TE;Abruzzo;Rottami di vetro;7;214000;kg
2026;TE;Abruzzo;Rottami di ferro e acciaio;8;39302328;kg
2026;TE;Abruzzo;Rottami di rame;9;187058;kg
2026;TE;Abruzzo;Carta e cartone;10;16245220;kg
2026;TE;Abruzzo;Plastica;11;21911863;kg
2026;TE;Abruzzo;Legno e sughero;12;7576848;kg
2026;TE;Abruzzo;Tessili;14;8200;kg
2026;TE;Abruzzo;Granulato di Conglomerato bituminoso;20;21908126;kg
2026;TE;Abruzzo;Altro;23;9814635;kg
2026;TN;Trentino Alto Adige;Ammendante compostato misto;2;19920771;kg
2026;TN;Trentino Alto Adige;Aggregati riciclati;5;476956093;kg
2026;TN;Trentino Alto Adige;Rottami di alluminio;6;405131;kg
2026;TN;Trentino Alto Adige;Rottami di ferro e acciaio;8;117543778;kg
2026;TN;Trentino Alto Adige;Rottami di rame;9;111470;kg
2026;TN;Trentino Alto Adige;Carta e cartone;10;59203206;kg
2026;TN;Trentino Alto Adige;Plastica;11;2898115;kg
2026;TN;Trentino Alto Adige;Legno e sughero;12;5157747;kg
2026;TN;Trentino Alto Adige;Tessili;14;691475;kg
2026;TN;Trentino Alto Adige;Granulato di Conglomerato bituminoso;20;108431650;kg
2026;TN;Trentino Alto Adige;Altro;23;9164340;kg
2026;TO;Piemonte;Ammendante compostato verde;1;6459013;kg
2026;TO;Piemonte;Ammendante compostato misto;2;5805316;kg
2026;TO;Piemonte;Altri Ammendanti;3;2668030;kg
2026;TO;Piemonte;Aggregati riciclati;5;998667788;kg
2026;TO;Piemonte;Rottami di alluminio;6;5071694;kg
2026;TO;Piemonte;Rottami di ferro e acciaio;8;0;
2026;TO;Piemonte;Rottami di ferro e acciaio;8;284149297;kg
2026;TO;Piemonte;Rottami di rame;9;4873994;kg
2026;TO;Piemonte;Carta e cartone;10;91368929;kg
2026;TO;Piemonte;Plastica;11;13808995;kg
2026;TO;Piemonte;Legno e sughero;12;11277938;kg
2026;TO;Piemonte;Tessili;14;87033;kg
2026;TO;Piemonte;Gomma;15;1107379;kg
2026;TO;Piemonte;Correttivi da Fanghi;18;8290;kg
2026;TO;Piemonte;Granulato di Conglomerato bituminoso;20;253416304;kg
2026;TO;Piemonte;Materiali secondari derivanti dal recupero di prodotti assorbenti per la persona;21;131348;kg
2026;TO;Piemonte;Gomma vulcanizzata da PFU;22;3270031;kg
2026;TO;Piemonte;Altro;23;0;
2026;TO;Piemonte;Altro;23;24020666;kg
2026;TP;Sicilia;Ammendante compostato verde;1;1095959;kg
2026;TP;Sicilia;Ammendante compostato misto;2;4222000;kg
2026;TP;Sicilia;Aggregati riciclati;5;135346848;kg
2026;TP;Sicilia;Carta e cartone;10;6749770;kg
2026;TP;Sicilia;Altro;23;6223322;kg
2026;TR;Umbria;Ammendante compostato misto;2;2683980;kg
2026;TR;Umbria;Aggregati riciclati;5;252102536;kg
2026;TR;Umbria;Rottami di alluminio;6;550657;kg
2026;TR;Umbria;Rottami di ferro e acciaio;8;19999678;kg
2026;TR;Umbria;Rottami di rame;9;313;kg
2026;TR;Umbria;Carta e cartone;10;10515150;kg
2026;TR;Umbria;Plastica;11;11764244;kg
2026;TR;Umbria;Legno e sughero;12;139420;kg
2026;TR;Umbria;Gomma;15;160;kg
2026;TR;Umbria;Granulato di Conglomerato bituminoso;20;42454181;kg
2026;TR;Umbria;Gomma vulcanizzata da PFU;22;1587885;kg
2026;TR;Umbria;Altro;23;9501890;kg
2026;TS;Friuli Venezia Giulia;Ammendante compostato misto;2;20240;kg
2026;TS;Friuli Venezia Giulia;Aggregati riciclati;5;12075000;kg
2026;TS;Friuli Venezia Giulia;Rottami di ferro e acciaio;8;3659701;kg
2026;TS;Friuli Venezia Giulia;Rottami di rame;9;27348;kg
2026;TS;Friuli Venezia Giulia;Carta e cartone;10;8526715;kg
2026;TV;Veneto;Ammendante compostato verde;1;408112;kg
2026;TV;Veneto;Ammendante compostato misto;2;10043010;kg
2026;TV;Veneto;Aggregati riciclati;5;539415744;kg
2026;TV;Veneto;Rottami di alluminio;6;2610101;kg
2026;TV;Veneto;Rottami di ferro e acciaio;8;204296413;kg
2026;TV;Veneto;Rottami di rame;9;736637;kg
2026;TV;Veneto;Carta e cartone;10;121705243;kg
2026;TV;Veneto;Plastica;11;41862790;kg
2026;TV;Veneto;Legno e sughero;12;4460860;kg
2026;TV;Veneto;Materiali ceramici;17;361940;kg
2026;TV;Veneto;Granulato di Conglomerato bituminoso;20;119876616;kg
2026;TV;Veneto;Gomma vulcanizzata da PFU;22;3142400;kg
2026;TV;Veneto;Altro;23;57921216;kg
2026;UD;Friuli Venezia Giulia;Ammendante compostato verde;1;5193670;kg
2026;UD;Friuli Venezia Giulia;Aggregati riciclati;5;9291454123;kg
2026;UD;Friuli Venezia Giulia;Rottami di alluminio;6;796778;kg
2026;UD;Friuli Venezia Giulia;Rottami di vetro;7;62480;kg
2026;UD;Friuli Venezia Giulia;Rottami di ferro e acciaio;8;1130868764;kg
2026;UD;Friuli Venezia Giulia;Rottami di rame;9;554415;kg
2026;UD;Friuli Venezia Giulia;Carta e cartone;10;21829880;kg
2026;UD;Friuli Venezia Giulia;Plastica;11;18335118;kg
2026;UD;Friuli Venezia Giulia;Legno e sughero;12;13106029;kg
2026;UD;Friuli Venezia Giulia;Tessili;14;56130;kg
2026;UD;Friuli Venezia Giulia;Granulato di Conglomerato bituminoso;20;40474850;kg
2026;UD;Friuli Venezia Giulia;Altro;23;4191684;kg
2026;VA;Lombardia;Ammendante compostato verde;1;3027190;kg
2026;VA;Lombardia;Aggregati riciclati;5;248107960;kg
2026;VA;Lombardia;Rottami di alluminio;6;4247863;kg
2026;VA;Lombardia;Rottami di vetro;7;299665139;kg
2026;VA;Lombardia;Rottami di ferro e acciaio;8;51909341;kg
2026;VA;Lombardia;Rottami di rame;9;1739271;kg
2026;VA;Lombardia;Carta e cartone;10;34054585;kg
2026;VA;Lombardia;Plastica;11;30936390;kg
2026;VA;Lombardia;Legno e sughero;12;3498773;kg
2026;VA;Lombardia;Tessili;14;336142;kg
2026;VA;Lombardia;Granulato di Conglomerato bituminoso;20;25953100;kg
2026;VA;Lombardia;Altro;23;50701495;kg
2026;VB;Piemonte;Aggregati riciclati;5;26586120;kg
2026;VB;Piemonte;Rottami di alluminio;6;28686874;kg
2026;VB;Piemonte;Rottami di ferro e acciaio;8;39353582;kg
2026;VB;Piemonte;Carta e cartone;10;6042510;kg
2026;VB;Piemonte;Legno e sughero;12;40000;kg
2026;VB;Piemonte;Granulato di Conglomerato bituminoso;20;3622060;kg
2026;VB;Piemonte;Altro;23;1164336;kg
2026;VC;Piemonte;Ammendante compostato misto;2;1652830;kg
2026;VC;Piemonte;Aggregati riciclati;5;236268144;kg
2026;VC;Piemonte;Rottami di alluminio;6;10461;kg
2026;VC;Piemonte;Rottami di ferro e acciaio;8;1154866;kg
2026;VC;Piemonte;Rottami di rame;9;1853;kg
2026;VC;Piemonte;Carta e cartone;10;21856978;kg
2026;VC;Piemonte;Plastica;11;407383;kg
2026;VC;Piemonte;Legno e sughero;12;542845;kg
2026;VC;Piemonte;Granulato di Conglomerato bituminoso;20;4164060;kg
2026;VC;Piemonte;Altro;23;41293429;kg
2026;VE;Veneto;Ammendante compostato verde;1;4335209;kg
2026;VE;Veneto;Aggregati riciclati;5;198916065;kg
2026;VE;Veneto;Rottami di alluminio;6;3117417;kg
2026;VE;Veneto;Rottami di vetro;7;44275500;kg
2026;VE;Veneto;Rottami di ferro e acciaio;8;98345902;kg
2026;VE;Veneto;Rottami di rame;9;1607232;kg
2026;VE;Veneto;Carta e cartone;10;61919569;kg
2026;VE;Veneto;Plastica;11;7255044;kg
2026;VE;Veneto;Legno e sughero;12;3997945;kg
2026;VE;Veneto;CSS – combustibile;13;2154660;kg
2026;VE;Veneto;Tessili;14;292931;kg
2026;VE;Veneto;Granulato di Conglomerato bituminoso;20;21702550;kg
2026;VE;Veneto;Altro;23;41955685;kg
2026;VI;Veneto;Ammendante compostato verde;1;3525514;kg
2026;VI;Veneto;Ammendante compostato misto;2;792500;kg
2026;VI;Veneto;Aggregati riciclati;5;450403823;kg
2026;VI;Veneto;Rottami di alluminio;6;5037341;kg
2026;VI;Veneto;Rottami di vetro;7;178969080;kg
2026;VI;Veneto;Rottami di ferro e acciaio;8;138175216;kg
2026;VI;Veneto;Rottami di rame;9;4611761;kg
2026;VI;Veneto;Carta e cartone;10;64669202;kg
2026;VI;Veneto;Plastica;11;26453842;kg
2026;VI;Veneto;Legno e sughero;12;21871697;kg
2026;VI;Veneto;Tessili;14;231804;kg
2026;VI;Veneto;Gomma;15;50449;kg
2026;VI;Veneto;Altri Fertilizzanti;19;14931630;kg
2026;VI;Veneto;Granulato di Conglomerato bituminoso;20;59649880;kg
2026;VI;Veneto;Altro;23;78675145;kg
2026;VR;Veneto;Ammendante compostato verde;1;1432740;kg
2026;VR;Veneto;Ammendante compostato misto;2;8202830;kg
2026;VR;Veneto;Altri Ammendanti;3;77901690;kg
2026;VR;Veneto;Digestato;4;30000;kg
2026;VR;Veneto;Aggregati riciclati;5;6391229472;kg
2026;VR;Veneto;Rottami di alluminio;6;2900298;kg
2026;VR;Veneto;Rottami di ferro e acciaio;8;272922557;kg
2026;VR;Veneto;Rottami di rame;9;1462053;kg
2026;VR;Veneto;Carta e cartone;10;89070209;kg
2026;VR;Veneto;Plastica;11;6941069;kg
2026;VR;Veneto;Legno e sughero;12;4242190;kg
2026;VR;Veneto;CSS – combustibile;13;523150;kg
2026;VR;Veneto;Altri Fertilizzanti;19;1104370;kg
2026;VR;Veneto;Granulato di Conglomerato bituminoso;20;158740940;kg
2026;VR;Veneto;Gomma vulcanizzata da PFU;22;13000;kg
2026;VR;Veneto;Altro;23;155990739;kg
2026;VT;Lazio;Ammendante compostato verde;1;332500;kg
2026;VT;Lazio;Ammendante compostato misto;2;6484226;kg
2026;VT;Lazio;Aggregati riciclati;5;84260072;kg
2026;VT;Lazio;Rottami di alluminio;6;1085990;kg
2026;VT;Lazio;Rottami di ferro e acciaio;8;4564668;kg
2026;VT;Lazio;Rottami di rame;9;14140;kg
2026;VT;Lazio;Carta e cartone;10;17045374;kg
2026;VT;Lazio;Tessili;14;250344;kg
2026;VT;Lazio;Granulato di Conglomerato bituminoso;20;58843860;kg
2026;VT;Lazio;Altro;23;23743035;kg
2026;VV;Calabria;Aggregati riciclati;5;5984121;kg
2026;VV;Calabria;Carta e cartone;10;2788920;kg
2026;VV;Calabria;Altro;23;56660;kg
